-- phpMyAdmin SQL Dump
-- version 5.2.1
-- https://www.phpmyadmin.net/
--
-- Host: 127.0.0.1
-- Generation Time: Jul 01, 2024 at 03:17 PM
-- Server version: 10.4.32-MariaDB
-- PHP Version: 8.0.30

SET SQL_MODE = "NO_AUTO_VALUE_ON_ZERO";
START TRANSACTION;
SET time_zone = "+00:00";


/*!40101 SET @OLD_CHARACTER_SET_CLIENT=@@CHARACTER_SET_CLIENT */;
/*!40101 SET @OLD_CHARACTER_SET_RESULTS=@@CHARACTER_SET_RESULTS */;
/*!40101 SET @OLD_COLLATION_CONNECTION=@@COLLATION_CONNECTION */;
/*!40101 SET NAMES utf8mb4 */;

--
-- Database: `nahg`
--

-- --------------------------------------------------------

--
-- Table structure for table `admins`
--

CREATE TABLE `admins` (
  `id` int(11) NOT NULL,
  `username` varchar(50) NOT NULL,
  `password` varchar(255) NOT NULL,
  `email` varchar(100) NOT NULL,
  `created_at` timestamp NOT NULL DEFAULT current_timestamp()
) ENGINE=InnoDB DEFAULT CHARSET=utf8mb4 COLLATE=utf8mb4_general_ci;

--
-- Dumping data for table `admins`
--

INSERT INTO `admins` (`id`, `username`, `password`, `email`, `created_at`) VALUES
(1, 'admin1', 'password123', 'youssefelsabbahy12@gmail.com', '2024-06-29 12:07:39');

-- --------------------------------------------------------

--
-- Table structure for table `azkar`
--

CREATE TABLE `azkar` (
  `id` int(11) NOT NULL,
  `zikr` text NOT NULL
) ENGINE=InnoDB DEFAULT CHARSET=utf8mb4 COLLATE=utf8mb4_general_ci;

--
-- Dumping data for table `azkar`
--

INSERT INTO `azkar` (`id`, `zikr`) VALUES
(1, 'ุฃูุฐูููุฑู ุงูุตููุจูุงุญู: ุฃูุตูุจูุญูููุง ููุฃูุตูุจูุญู ุงููููููู ููููุ ููุงูุญูููุฏู ููููุ ูุง ุฅูููููฐูู ุฅููุงูู ุงูููู ููุญูุฏููู ูุง ุดูุฑูููู ููููุ ูููู ุงููููููู ูููููู ุงูุญูููุฏู ูููููู ุนูููููฐ ููููู ุดูููุกู ููุฏููุฑู.'),
(2, 'ุฃูุฐูููุฑู ุงูููุณูุงุกู: ุฃูููุณูููููุง ููุฃูููุณูููฐ ุงููููููู ููููุ ููุงูุญูููุฏู ููููุ ูุง ุฅูููููฐูู ุฅููุงูู ุงูููู ููุญูุฏููู ูุง ุดูุฑูููู ููููุ ูููู ุงููููููู ูููููู ุงูุญูููุฏู ูููููู ุนูููููฐ ููููู ุดูููุกู ููุฏููุฑู.'),
(3, 'ุณูุจูุญูุงูู ุงูููู ููุจูุญูููุฏูููุ ุณูุจูุญูุงูู ุงูููู ุงูุนูุธูููู.'),
(4, 'ุงููููููููู ุฃูููุชู ุฑูุจูููู ูุง ุฅููู ุฅูุงู ุฃูููุชูุ ุฎูููููุชูููู ููุฃููุง ุนูุจููุฏูููุ ููุฃููุง ุนูููู ุนููููุฏููู ููููุนููุฏููู ููุง ุงุณูุชูุทูุนููุชูุ ุฃูุนููุฐู ุจููู ูููู ุดููุฑูู ูุง ุตูููุนููุชูุ ุฃูุจููุกู ูููู ุจูููุนูููุชูููู ุนูููููููุ ููุฃูุจููุกู ูููู ุจูุฐููููุจู ููุงุบูููุฑู ููุ ููุฅูููููู ูุง ููุบูููุฑู ุงูุฐูููููุจู ุฅููุงู ุฃูููุชู.'),
(5, 'ุฑูุถููุชู ุจูุงูููู ุฑูุจูููุงูุ ููุจูุงูุฅูุณููุงูู ุฏูููุงูุ ููุจูููุญูููููุฏู ุตูููู ุงูููู ุนููููููู ููุณูููููู ููุจูููููุงู.'),
(6, 'ุงููููููููู ุฅููููู ุฃูุตูุจููุญูุชู ุฃูุดููููุฏููู ููุฃูุดููููุฏู ุญููููููุฉู ุนููุฑูุดููููุ ูููููุงุฆูููุชูููุ ููุฌููููุนู ุฎููููููููุ ุฃูููููู ุฃููููุชู ุงูููู ูุง ุฅููู ุฅููุงู ุฃูููุชู ููุญููุฏููู ูุง ุดููุฑูููู ููููุ ููุฃูููู ููุญููููุฏุงู ุนูุจููุฏููู ููุฑูุณููููููู.'),
(7, 'ุงููููููููู ุฅููููู ุฃููุณูููุชู ุฃูุดููููุฏููู ููุฃูุดููููุฏู ุญููููููุฉู ุนููุฑูุดููููุ ูููููุงุฆูููุชูููุ ููุฌููููุนู ุฎููููููููุ ุฃูููููู ุฃููููุชู ุงูููู ูุง ุฅููู ุฅููุงู ุฃูููุชู ููุญููุฏููู ูุง ุดููุฑูููู ููููุ ููุฃูููู ููุญููููุฏุงู ุนูุจููุฏููู ููุฑูุณููููููู.'),
(8, 'ุงููููููููู ุฅููููู ุฃูุตูุจููุญูุชู ุฃูุดููููุฏููู ููุฃูุดููููุฏู ุญููููููุฉู ุนููุฑูุดููููุ ูููููุงุฆูููุชูููุ ููุฌููููุนู ุฎููููููููุ ุฃูููููู ุฃููููุชู ุงูููู ูุง ุฅููู ุฅููุงู ุฃูููุชู ููุญููุฏููู ูุง ุดููุฑูููู ููููุ ููุฃูููู ููุญููููุฏุงู ุนูุจููุฏููู ููุฑูุณููููููู.'),
(9, 'ุงููููููููู ุฅููููู ุฃููุณูููุชู ุฃูุดููููุฏููู ููุฃูุดููููุฏู ุญููููููุฉู ุนููุฑูุดููููุ ูููููุงุฆูููุชูููุ ููุฌููููุนู ุฎููููููููุ ุฃูููููู ุฃููููุชู ุงูููู ูุง ุฅููู ุฅููุงู ุฃูููุชู ููุญููุฏููู ูุง ุดููุฑูููู ููููุ ููุฃูููู ููุญููููุฏุงู ุนูุจููุฏููู ููุฑูุณููููููู.'),
(10, 'ุงููููููููู ุฅููููู ุฃูุตูุจููุญูุชู ุฃูุดููููุฏููู ููุฃูุดููููุฏู ุญููููููุฉู ุนููุฑูุดููููุ ูููููุงุฆูููุชูููุ ููุฌููููุนู ุฎููููููููุ ุฃูููููู ุฃููููุชู ุงูููู ูุง ุฅููู ุฅููุงู ุฃูููุชู ููุญููุฏููู ูุง ุดููุฑูููู ููููุ ููุฃูููู ููุญููููุฏุงู ุนูุจููุฏููู ููุฑูุณููููููู.'),
(11, 'ุงููููููููู ุฅููููู ุฃููุณูููุชู ุฃูุดููููุฏููู ููุฃูุดููููุฏู ุญููููููุฉู ุนููุฑูุดููููุ ูููููุงุฆูููุชูููุ ููุฌููููุนู ุฎููููููููุ ุฃูููููู ุฃููููุชู ุงูููู ูุง ุฅููู ุฅููุงู ุฃูููุชู ููุญููุฏููู ูุง ุดููุฑูููู ููููุ ููุฃูููู ููุญููููุฏุงู ุนูุจููุฏููู ููุฑูุณููููููู.'),
(12, 'ุงููููููููู ุฃูููุชู ุฑูุจูููู ูุง ุฅููู ุฅูุงู ุฃูููุชูุ ุฎูููููุชูููู ููุฃููุง ุนูุจููุฏูููุ ููุฃููุง ุนูููู ุนููููุฏููู ููููุนููุฏููู ููุง ุงุณูุชูุทูุนููุชูุ ุฃูุนููุฐู ุจููู ูููู ุดููุฑูู ูุง ุตูููุนููุชูุ ุฃูุจููุกู ูููู ุจูููุนูููุชูููู ุนูููููููุ ููุฃูุจููุกู ูููู ุจูุฐููููุจู ููุงุบูููุฑู ููุ ููุฅูููููู ูุง ููุบูููุฑู ุงูุฐูููููุจู ุฅููุงู ุฃูููุชู.'),
(13, 'ุฑูุถููุชู ุจูุงูููู ุฑูุจูููุงูุ ููุจูุงูุฅูุณููุงูู ุฏูููุงูุ ููุจูููุญูููููุฏู ุตูููู ุงูููู ุนููููููู ููุณูููููู ููุจูููููุงู.'),
(14, 'ุณูุจูุญูุงูู ุงูููู ููุจูุญูููุฏูููุ ุนูุฏูุฏู ุฎูููููููุ ููุฑูุถูุง ููููุณูููุ ููุฒูููุฉู ุนูุฑูุดูููุ ููููุฏูุงุฏู ููููููุงุชููู.'),
(15, 'ุงููููููููู ุฅููููู ุฃูุนููุฐู ุจููู ูููู ุฒูููุงูู ููุนูููุชูููุ ููุชูุญูููููู ุนูุงููููุชูููุ ููููุฌูุงุกูุฉู ููููููุชูููุ ููุฌููููุนู ุณูุฎูุทููู.'),
(16, 'ุงููููููููู ุฅููููู ุฃูุนููุฐู ุจููู ูููู ุงูููููู ููุงูุญูุฒูููุ ููุฃูุนููุฐู ุจููู ูููู ุงูุนูุฌูุฒู ููุงูููุณูููุ ููุฃูุนููุฐู ุจููู ูููู ุงูุฌูุจููู ููุงูุจูุฎูููุ ููุฃูุนููุฐู ุจููู ูููู ุบูููุจูุฉู ุงูุฏูููููู ููููููุฑู ุงูุฑููุฌูุงูู.'),
(17, 'ุงููููููููู ุฅููููู ุฃูุณูุฃููููู ุงูุนููููู ููุงูุนูุงููููุฉูุ ููู ุงูุฏููููููุง ููุงูุขุฎูุฑูุฉู. ุงููููููููู ุฅููููู ุฃูุณูุฃููููู ุงูุนููููู ููุงูุนูุงููููุฉูุ ููู ุฏููููู ููุฏูููููุงูู ููุฃูููููู ููููุงููู. ุงููููููููู ุงุณูุชูุฑู ุนูููุฑูุงุชููุ ููุขูููู ุฑูููุนูุงุชูู. ุงููููููููู ุงุญูููุธูููู ูููู ุจููููู ููุฏูููู ูููููู ุฎูููููู ููุนููู ูููููููู ููุนููู ุดูููุงูููุ ูููููู ูููููููุ ููุฃูุนููุฐู ุจูุนูุธูููุชููู ุฃููู ุฃูุบูุชูุงูู ูููู ุชูุญูุชูู.'),
(18, 'ุงููููููููู ุฃูููุชู ุฑูุจูููู ูุง ุฅููู ุฅูุงู ุฃูููุชูุ ุฎูููููุชูููู ููุฃููุง ุนูุจููุฏูููุ ููุฃููุง ุนูููู ุนููููุฏููู ููููุนููุฏููู ููุง ุงุณูุชูุทูุนููุชูุ ุฃูุนููุฐู ุจููู ูููู ุดููุฑูู ูุง ุตูููุนููุชูุ ุฃูุจููุกู ูููู ุจูููุนูููุชูููู ุนูููููููุ ููุฃูุจููุกู ูููู ุจูุฐููููุจู ููุงุบูููุฑู ููุ ููุฅูููููู ูุง ููุบูููุฑู ุงูุฐูููููุจู ุฅููุงู ุฃูููุชู.');

-- --------------------------------------------------------

--
-- Table structure for table `daily_verses`
--

CREATE TABLE `daily_verses` (
  `id` int(11) NOT NULL,
  `content` text NOT NULL
) ENGINE=InnoDB DEFAULT CHARSET=utf8mb4 COLLATE=utf8mb4_general_ci;

--
-- Dumping data for table `daily_verses`
--

INSERT INTO `daily_verses` (`id`, `content`) VALUES
(1, 'ุงูุฐูุฑ ุฃู ุงูุขูุฉ ุงูุฃููู'),
(2, 'ุงูุฐูุฑ ุฃู ุงูุขูุฉ ุงูุซุงููุฉ'),
(3, 'ุงูุฐูุฑ ุฃู ุงูุขูุฉ ุงูุซุงูุซุฉ');

-- --------------------------------------------------------

--
-- Table structure for table `messages`
--

CREATE TABLE `messages` (
  `id` int(11) NOT NULL,
  `name` varchar(255) NOT NULL,
  `email` varchar(255) NOT NULL,
  `phone` varchar(20) NOT NULL,
  `message` text NOT NULL
) ENGINE=InnoDB DEFAULT CHARSET=utf8mb4 COLLATE=utf8mb4_general_ci;

--
-- Dumping data for table `messages`
--

INSERT INTO `messages` (`id`, `name`, `email`, `phone`, `message`) VALUES
(1, 'youssef', 'youssef@gmail.com', '01121668871', 'hellooooooo');

-- --------------------------------------------------------

--
-- Table structure for table `podcasts`
--

CREATE TABLE `podcasts` (
  `id` int(11) NOT NULL,
  `name` varchar(255) NOT NULL,
  `image` varchar(255) DEFAULT NULL
) ENGINE=InnoDB DEFAULT CHARSET=utf8mb4 COLLATE=utf8mb4_general_ci;

--
-- Dumping data for table `podcasts`
--

INSERT INTO `podcasts` (`id`, `name`, `image`) VALUES
(1, 'ูุนู', 'https://i.ytimg.com/pl_c/PLCpK4282MCT-lBXi4Nodjzq1TDZsK9qwr/studio_square_thumbnail.jpg?sqp=CKPghLQG-oaymwEKCKAEEKAEIABIWg&rs=AMzJL3nxmHy8ipDVGSeAZ7g8xh-bLcSq3w'),
(2, 'ุฎุทูุฉ', 'https://i.ytimg.com/pl_c/PLQEt0FQkwbwGmC_Vd8jLE3Nv1wnooUC3w/studio_square_thumbnail.jpg?sqp=COXghLQG-oaymwEKCKAEEKAEIABIWg&rs=AMzJL3loAef3j0PxwZtTgH2R461D1J6N9Q'),
(3, 'ูุฌุงูุณ', 'https://i.ytimg.com/pl_c/PLOLN2qKydrFESJN1E0VWl_1QbVhxF8JQv/studio_square_thumbnail.jpg?sqp=CP3ghLQG-oaymwEKCKAEEKAEIABIWg&rs=AMzJL3lYeMHnmSx2FNiusf-APAAWIhnGpQ'),
(4, 'ุตุญุงุจุฉ', 'https://i.ytimg.com/pl_c/PLO-qKNquWhEllYfTQ3tCByFMWbnt7WL-s/studio_square_thumbnail.jpg?sqp=CJ3hhLQG-oaymwEKCKAEEKAEIABIWg&rs=AMzJL3mk5zi7-84hAr2d6z2_Rew9zELG1Q'),
(5, 'ููุฌุงู', 'data:image/jpeg;base64,/9j/4AAQSkZJRgABAQAAAQABAAD/2wCEAAkGBxITEhUSExIWFhUWGBcWGRcXGBkXGRsXFxgYFhcZGxcYHSkgGB8mHhgWITEiJSkrLi4uFyAzODMtNygtLisBCgoKDg0OGxAQGy0mICUtNS0tLS8tLS0vLS0vLS0tLi0vLS0tLS0tLTAtLS0vLS0tLS0tLS0tLS0tLS0tLS0tLf/AABEIAOEA4QMBEQACEQEDEQH/'),
(8, 'ูุฏูุก', 'data:image/jpeg;base64,/9j/4AAQSkZJRgABAQAAAQABAAD/2wCEAAkGBxISEhUSEhIVFRUVFRUVFRUVFRUVFRUVFRUXFhUVFRUYHSggGBolHRUVITEhJSkrLi4uFx8zODMtNygtLisBCgoKDg0OFRAPFy0dHR0tLy0rLS0tLi03LSstKy4tLTArLS8tKy4tLy0tLS0rMC0tKy0tLS0tLSstKy0rKy0tLf/AABEIAOEA4QMBIgACEQEDEQH/');

-- --------------------------------------------------------

--
-- Table structure for table `podcast_episodes`
--

CREATE TABLE `podcast_episodes` (
  `id` int(11) NOT NULL,
  `podcast_id` int(11) NOT NULL,
  `episode_name` varchar(255) NOT NULL,
  `description` text DEFAULT NULL,
  `image` text DEFAULT NULL,
  `release_date` date DEFAULT NULL,
  `video_iframe` text NOT NULL
) ENGINE=InnoDB DEFAULT CHARSET=utf8mb4 COLLATE=utf8mb4_general_ci;

--
-- Dumping data for table `podcast_episodes`
--

INSERT INTO `podcast_episodes` (`id`, `podcast_id`, `episode_name`, `description`, `image`, `release_date`, `video_iframe`) VALUES
(1, 1, 'ุจูุฏูุงุณุช ูุนู 1 || ุณูุทุฑุฉ ููุงูุน ุงูุชูุงุตู ุงูุฅุฌุชูุงุนู ุนูู ุงูุฅูุณุงู || ูุน ุงุณูุงุนูู ุชูุฑ ู ููุงุจ ุฃููุจ\r\n', '( ุจูุฏูุงุณุช ูุนู 1 )\r\nููุถูุน ุงูุญููุฉ ููุงูุด ูุดููุฉ ุณูุทุฑุฉ ููุงูุน ุงูุชูุงุตู ุงูุฃุฌุชูุงุนู ุนูู ุญูุงุชูุง ูุงูุนูุงุณู ุนูู ุงูุฌูู ุงูุฌุฏูุฏ\r\n\r\nูุง ุชูุณู ุงูุงุดุชุฑุงู ูู ุงูููุงุฉ ู ุชูุนูู ุงูุฌุฑุณ ููุตูู ูู ุฌุฏูุฏ!\r\n', 'https://i.ytimg.com/vi/ew1HK70yBq4/hqdefault.jpg?sqp=-oaymwEcCNACELwBSFXyq4qpAw4IARUAAIhCGAFwAcABBg==&rs=AOn4CLA2mkkTdA77ea0NYQPnruVwHujIkw', '2024-03-11', '<iframe width=\"100%\" height=\"100%\" src=\"https://www.youtube.com/embed/ew1HK70yBq4\" title=\"ุจูุฏูุงุณุช ูุนู 1 || ุณูุทุฑุฉ ููุงูุน ุงูุชูุงุตู ุงูุฅุฌุชูุงุนู ุนูู ุงูุฅูุณุงู || ูุน ุงุณูุงุนูู ุชูุฑ ู ููุงุจ ุฃููุจ\" frameborder=\"0\" allow=\"accelerometer; autoplay; clipboard-write; encrypted-media; gyroscope; picture-in-picture; web-share\" referrerpolicy=\"strict-origin-when-cross-origin\" allowfullscreen></iframe>'),
(2, 1, 'ุจูุฏูุงุณุช ูุนู 2 || ูุง ุชูู ุนุดูุงุฆู ูููููุถ ูู ุฌุฏูุฏ || ูุน ุงุณูุงุนูู ุชูุฑ ู ููุงุจ ุฃููุจ\r\n', '( ุจูุฏูุงุณุช ูุนู 2 )\r\nููุถูุน ุงูุญููุฉ ููุงูุด ูุชุงุจ ุงุณูุงุนูู ุชูุฑ ุงูุฃูู \r\nุจุนููุงู ( ูุง ุชูู ุนุดูุงุฆู ) \r\nุงูุฐู ูุฑุณู ุฎุทุฉ ูููููุถ ูู ุฌุฏูุฏ ุจุนุฏ ูุฑุญูุฉ\r\nุงูุชุดุชุช ู ุงูุถูุงุน ูุงููุขุจุฉ ู ููุฏุงู ุงูุดุบู \r\nู ูุนูุฏ ููุงูุณุงู ุชุฑุชูุจ ุฐุงุชู ูุงูุจุญุซ ูู ุฏูุงุฎูู \r\nูููุตูู ุฅูู ุฅูุณุงู ููู ูุตูุจ ุบูุฑ ุนุดูุงุฆู \r\nโ\r\nูุง ุชูุณู ุงูุงุดุชุฑุงู ูู ุงูููุงุฉ ู ุชูุนูู ุงูุฌุฑุณ ููุตูู ูู ุฌุฏูุฏ !\r\n', 'https://i.ytimg.com/vi/gzwJ8vQRetc/hqdefault.jpg?sqp=-oaymwEcCNACELwBSFXyq4qpAw4IARUAAIhCGAFwAcABBg==&rs=AOn4CLAN76AC4k9aVmXMXt_7doW9BGZ5aw', '2024-03-17', '<iframe width=\"100%\" height=\"100%\" src=\"https://www.youtube.com/embed/gzwJ8vQRetc\" title=\"ุจูุฏูุงุณุช ูุนู 2 || ูุง ุชูู ุนุดูุงุฆู ูููููุถ ูู ุฌุฏูุฏ || ูุน ุงุณูุงุนูู ุชูุฑ ู ููุงุจ ุฃููุจ\" frameborder=\"0\" allow=\"accelerometer; autoplay; clipboard-write; encrypted-media; gyroscope; picture-in-picture; web-share\" referrerpolicy=\"strict-origin-when-cross-origin\" allowfullscreen></iframe>'),
(3, 1, 'ุจูุฏูุงุณุช ูุนู 3 || ุงููุฑุฃุฉ ู ุงููุณุงูุงุฉ || ูุน ุงุณูุงุนูู ุชูุฑ ู ููุงุจ ุฃููุจ', '( ุจูุฏูุงุณุช ูุนู 3 )\r\nููุถูุน ุงูุญููุฉ ููุงูุด\r\nููุฑุฉ ุงููุณุงูุงุฉ ุงูุญููููุฉ ุจูู ุงูุฑุฌู ูุงููุฑุฃุฉ\r\nู ุถุฑูุฑุฉ ููู ุงูุฑุฌู ูุง ููุฉ ุงููุฑุฃุฉ \r\nู ุจุงูููุงุจู ูุนุฑูุฉ ุงููุฑุฃุฉ ุทุจูุนุฉ ุงูุฑุฌู\r\nูุจูุงุก ูุฌุชูุน ูุชูุงุณู ู ุฃุณุฑุฉ ูุฌูู ูุชูุงุณููู\r\n \r\nโ\r\nูุง ุชูุณู ุงูุงุดุชุฑุงู ูู ุงูููุงุฉ ู ุชูุนูู ุงูุฌุฑุณ ููุตูู ูู ุฌุฏูุฏ !\r\n', 'https://i.ytimg.com/vi/Xk_OpC9Gpe8/hqdefault.jpg?sqp=-oaymwEcCNACELwBSFXyq4qpAw4IARUAAIhCGAFwAcABBg==&rs=AOn4CLBp6oa-UQD_VnddrEWPN0sveynkYw', '2024-03-23', '<iframe width=\"100%\" height=\"100%\" src=\"https://www.youtube.com/embed/Xk_OpC9Gpe8\" title=\"ุจูุฏูุงุณุช ูุนู 3 || ุงููุฑุฃุฉ ู ุงููุณุงูุงุฉ  || ูุน ุงุณูุงุนูู ุชูุฑ ู ููุงุจ ุฃููุจ\" frameborder=\"0\" allow=\"accelerometer; autoplay; clipboard-write; encrypted-media; gyroscope; picture-in-picture; web-share\" referrerpolicy=\"strict-origin-when-cross-origin\" allowfullscreen></iframe>'),
(5, 1, 'ูุนู ูค | ุงูุตูุงุฉ ูุฃูููุชูุง ูุงุฑุชุจุงุทูุง ุงููุงูุนู ุจุญูุงุชูุง ูููููุฉ ุงูููุงุธุจุฉ ุนูููุง\r\n', 'ุจูุฏูุงุณุช ูุนู ูุน ุฃุญูุฏ ุนุงูุฑ ูุญุงุฒู ุงูุตุฏูู.\r\n\r\nุฃูููุฉ ุงูุตูุงุฉ ูุงุฑุชุจุงุทูุง ุงููุงูุนู ุจุญูุงุชูุง ูุทุฑู ูุนุงูุฉ ุชุฎููู ุชูุงุธุจ ุนูู ุงูุตูุงุฉุ ููุญุงููุฉ ูููู ุงูุตูุงุฉ ูู ูุฐุง ุจุนุฏ ูุชุฃุซูุฑูุง ุงูุฅูุฌุงุจู ูุงูููููุณ ุนูููุง.\r\n', 'https://i.ytimg.com/vi/M6AIuNtxMrY/hqdefault.jpg?sqp=-oaymwEbCMQBEG5IVfKriqkDDggBFQAAiEIYAXABwAEG&rs=AOn4CLBmz9N4wTla2GBGf5PPWCeAWwjaxg', '2021-02-27', '<iframe width=\"640\" height=\"360\" src=\"https://www.youtube.com/embed/M6AIuNtxMrY\" title=\"ูุนู ูค | ุงูุตูุงุฉ ูุฃูููุชูุง ูุงุฑุชุจุงุทูุง ุงููุงูุนู ุจุญูุงุชูุง ูููููุฉ ุงูููุงุธุจุฉ ุนูููุง\" frameborder=\"0\" allow=\"accelerometer; autoplay; clipboard-write; encrypted-media; gyroscope; picture-in-picture; web-share\" referrerpolicy=\"strict-origin-when-cross-origin\" allowfullscreen></iframe>'),
(6, 1, 'ูุนู ูฅ | ููุงู ุนู ุงูุนูู ูุงูุนููุงุก ููุณุฃู ููู ููุฑุฌุน ูููู\r\n', 'ุจูุฏูุงุณุช ูุนู ูุน ุฃุญูุฏ ุนุงูุฑ ูุญุงุฒู ุงูุตุฏูู', 'https://i.ytimg.com/vi/dkzOzXTQfHo/hqdefault.jpg?sqp=-oaymwE1CMQBEG5IVfKriqkDKAgBFQAAiEIYAXABwAEG8AEB-AHUBoAC4AOKAgwIABABGGwgbChsMA8=&rs=AOn4CLBo0HApv3z-NIsb9lhND3PhtWE0qg', '2021-03-27', '<iframe width=\"640\" height=\"360\" src=\"https://www.youtube.com/embed/dkzOzXTQfHo?list=PLCpK4282MCT-lBXi4Nodjzq1TDZsK9qwr\" title=\"ูุนู ูฅ | ููุงู ุนู ุงูุนูู ูุงูุนููุงุก ููุณุฃู ููู ููุฑุฌุน ูููู\" frameborder=\"0\" allow=\"accelerometer; autoplay; clipboard-write; encrypted-media; gyroscope; picture-in-picture; web-share\" referrerpolicy=\"strict-origin-when-cross-origin\" allowfullscreen></iframe>'),
(7, 2, '(ูก) ููุงุฐุง ุงูุญุฏูุซ ุนู ุงุจู ุชูููุฉุ | ูุน ุงูุดูุฎ ูุงุตุฑ ุงูุญููุฏ ู ูุงุณุฑ ุงูุญุฒููู | ุงูุญููุฉ ุงูุฃููู\r\n', 'ูุชุญุงูุฑ ูู ูุฐู ุงูุญููุฉ ูู ุณูุณูุฉ ุงุจู ุชูููููุฉ ุฑุญูู ุงููู ูุน ุงูุดูุฎ ูุงุตุฑ ุงูุญููุฏ ููุงุณุฑ ุงูุญุฒููู ุนู ุดูุฎ ุงูุฅุณูุงู ุงุจู ุชูููููุฉุ ูุดุฎุตูุชูุ ูุนูุงูุงุช ุงููููุจูุบ ุงูุนููู ููุฐ ุงูุตููุบุฑุ ูููู ุงุตุทูุงู ุงููู ุจุงูุญูุธ ูุงูููู ูุงูุจูุงูุ ูุตูุงุชูุ ูุฃุฎูุงููุ ูุชุฌุงูุฒู ูุน ุฎุตููู.\r\n', 'https://i.ytimg.com/vi/WOxpgh6r6B8/hqdefault.jpg?sqp=-oaymwEbCKgBEF5IVfKriqkDDggBFQAAiEIYAXABwAEG&rs=AOn4CLCOPRuqauHTmTcQwL35p78yvFzE_g', '2023-11-05', '<iframe width=\"640\" height=\"360\" src=\"https://www.youtube.com/embed/WOxpgh6r6B8?list=PLQEt0FQkwbwHWObikETzgD2T8rwNpulLl\" title=\"(ูก) ููุงุฐุง ุงูุญุฏูุซ ุนู ุงุจู ุชูููุฉุ | ูุน ุงูุดูุฎ ูุงุตุฑ ุงูุญููุฏ ู ูุงุณุฑ ุงูุญุฒููู | ุงูุญููุฉ ุงูุฃููู\" frameborder=\"0\" allow=\"accelerometer; autoplay; clipboard-write; encrypted-media; gyroscope; picture-in-picture; web-share\" referrerpolicy=\"strict-origin-when-cross-origin\" allowfullscreen></iframe>'),
(8, 2, '(ูข) ุงูุชูุงุฒู ุจูู ุงูุนูู ูุงูุนุทุงุก | ูุน ุงูุดูุฎ ูุงุตุฑ ุงูุญููุฏ ู ูุงุณุฑ ุงูุญุฒููู | ุงูุญููุฉ ุงูุซุงููุฉ\r\n', 'ูุชุญุงูุฑ ูู ูุฐู ุงูุญููุฉ ูู ุณูุณูุฉ ุงุจู ุชูููููุฉ ุฑุญูู ุงููู ูุน ุงูุดูุฎ ูุงุตุฑ ุงูุญููุฏ ููุงุณุฑ ุงูุญุฒููู ุนู ููุฏุฑุฉ ุงูุฅูุงู ุงุจู ุชูููููุฉ ุนูู ุงูููุงุฒูุฉ ุจูู ุงูุดุบุงูู ุจุงูุนูู ูุนุทุงุฆู ูููููุงุณุ ูููู ุชุนุงูู ูุน ุทูุงุจูุ ููู ุจุงููุนู ุฃููู ูุฌููุน ุงูุนููู ุนูุฏ ุงุจู ุชูููููุฉ ุจุงููุงุฏ ุงูููู ุชุญูููุง ุฃุฌูุฒุฉ ุงูุญุงุณูุจุ\r\n', 'https://i.ytimg.com/vi/Kadjbg3TPqg/hqdefault.jpg?sqp=-oaymwEbCKgBEF5IVfKriqkDDggBFQAAiEIYAXABwAEG&rs=AOn4CLCGWPcihJxh2SEllREGoYxOGhakVw', '2023-12-05', '<iframe width=\"640\" height=\"360\" src=\"https://www.youtube.com/embed/Kadjbg3TPqg?list=PLQEt0FQkwbwHWObikETzgD2T8rwNpulLl\" title=\"(ูข) ุงูุชูุงุฒู ุจูู ุงูุนูู ูุงูุนุทุงุก | ูุน ุงูุดูุฎ ูุงุตุฑ ุงูุญููุฏ ู ูุงุณุฑ ุงูุญุฒููู | ุงูุญููุฉ ุงูุซุงููุฉ\" frameborder=\"0\" allow=\"accelerometer; autoplay; clipboard-write; encrypted-media; gyroscope; picture-in-picture; web-share\" referrerpolicy=\"strict-origin-when-cross-origin\" allowfullscreen></iframe>'),
(9, 2, '(ูฃ) ุงูููุฉ ุงูุนูููุฉ ุนูุฏ ุงุจู ุชูููุฉ | ูุน ุงูุดูุฎ ูุงุตุฑ ุงูุญููุฏ ู ูุงุณุฑ ุงูุญุฒููู | ุงูุญููุฉ ุงูุซุงูุซุฉ\r\n', 'ูุชุญุงูุฑ ูู ูุฐู ุงูุญููุฉ ูู ุณูุณูุฉ ุงุจู ุชูููุฉ ุฑุญูู ุงููู ูุน ุงูุดูุฎ ูุงุตุฑ ุงูุญููุฏ ููุงุณุฑ ุงูุญุฒููู ุนู ุงูููุฉ ุงูุนูููููุฉ ูุงููุนุฑููููุฉ ุนูุฏ ุงูุฅูุงู ุงุจู ุชูููููุฉุ ูููุฏูุฑุชู ุนูู ุงุณุชุฎุฑุงุฌ ุงููุนุงูู ูุงูุงุณุชูุจุงุทุ ูุฅุฌูุงูู ุนูู ุงูุตุญุงุจุฉ ูุชูุฏูุฑูู.. ูููุงุฐุง ุตุฑููุญ ูู ููุงูุฉ ุนูุฑู ุจูุฏูู ูุชุฑูู ูููุฑุขู.. ููุง ุงููุตุฉุ!\r\n', 'https://i.ytimg.com/vi/BppyUt9kyVg/hqdefault.jpg?sqp=-oaymwEbCKgBEF5IVfKriqkDDggBFQAAiEIYAXABwAEG&rs=AOn4CLC7iHjtgoDoFn64bwr5NDy3Wg2sDA', '2023-09-04', '<iframe width=\"640\" height=\"360\" src=\"https://www.youtube.com/embed/BppyUt9kyVg?list=PLQEt0FQkwbwHWObikETzgD2T8rwNpulLl\" title=\"(ูฃ) ุงูููุฉ ุงูุนูููุฉ ุนูุฏ ุงุจู ุชูููุฉ | ูุน ุงูุดูุฎ ูุงุตุฑ ุงูุญููุฏ ู ูุงุณุฑ ุงูุญุฒููู | ุงูุญููุฉ ุงูุซุงูุซุฉ\" frameborder=\"0\" allow=\"accelerometer; autoplay; clipboard-write; encrypted-media; gyroscope; picture-in-picture; web-share\" referrerpolicy=\"strict-origin-when-cross-origin\" allowfullscreen></iframe>'),
(10, 2, '(ูค) ุงุจู ุชูููุฉ ุงูุนุงูู ูุงูุนุงุจุฏ | ูุน ุงูุดูุฎ ูุงุตุฑ ุงูุญููุฏ ู ูุงุณุฑ ุงูุญุฒููู | ุงูุญููุฉ ุงูุฑุงุจุนุฉ\r\n', 'ูุชุญุงูุฑ ูู ูุฐู ุงูุญููุฉ ูู ุณูุณูุฉ ุงุจู ุชูููููุฉ ุฑุญูู ุงููู ูุน ุงูุดูุฎ ูุงุตุฑ ุงูุญููุฏ ููุงุณุฑ ุงูุญุฒููู ุนู ุงูุฅูุงู ุงุจู ุชูููููุฉ ุงูุนุงูู ูุงูุนุงุจุฏ ูุนููู ุงูุฏููููุง ุงูุฃุฎุฑูุ ูุซู: ุงูุทุจุ ูุงูููุฏุณุฉ ูู ุญูุงุชูุ ูููุงุฐุง ูู ูุชุฒูุฌ ุงุจู ุชูููููุฉุ ููุดูุฏ ุงูููููุงูุฉ ูู ุญูุงุชู.\r\n', 'https://i.ytimg.com/vi/9zbKmnFKve8/hqdefault.jpg?sqp=-oaymwEbCKgBEF5IVfKriqkDDggBFQAAiEIYAXABwAEG&rs=AOn4CLARXLfoxCTS2HY0mWhUYq99e2u5fA', '2023-08-08', '<iframe width=\"640\" height=\"360\" src=\"https://www.youtube.com/embed/9zbKmnFKve8?list=PLQEt0FQkwbwHWObikETzgD2T8rwNpulLl\" title=\"(ูค) ุงุจู ุชูููุฉ ุงูุนุงูู ูุงูุนุงุจุฏ | ูุน ุงูุดูุฎ ูุงุตุฑ ุงูุญููุฏ ู ูุงุณุฑ ุงูุญุฒููู | ุงูุญููุฉ ุงูุฑุงุจุนุฉ\" frameborder=\"0\" allow=\"accelerometer; autoplay; clipboard-write; encrypted-media; gyroscope; picture-in-picture; web-share\" referrerpolicy=\"strict-origin-when-cross-origin\" allowfullscreen></iframe>'),
(11, 3, 'ูู ุณููุนูุถ ุงูุฐูุงุก ุงูุฅุตุทูุงุนู ููุงู ุงูุทุจูุจุ | ููุถุฉ ุงูุฃูุฉ ุงูุฅุณูุงููุฉ | ูุน ุฏ. ุฃุญูุฏ ุงููุงุฑุณู ๐๏ธุจูุฏูุงุณุช ูุฌุงูุณ\r\n', 'ูู ูุฐุง ุงูุญููุฉ ูู ุจุฑูุงูุฌ ุจูุฏูุงุณุช ูุฌุงูุณ ุนูู ููุงุฉ ุฅุณูุงููููุฌูุง ุงุณุชุถููุง ุฃุญูุฏ ุงููุงุฑุณู ุฏูุชูุฑ ูู ุงูุทุจ ู ูุงุดุท ุนูู ูุณุงุฆู ุงูุชูุงุตู ุงูุฅุฌุชูุงุนู.\r\n ', 'https://i.ytimg.com/vi/Fp-Os6dKa7s/hqdefault.jpg?sqp=-oaymwEbCKgBEF5IVfKriqkDDggBFQAAiEIYAXABwAEG&rs=AOn4CLBqA1kZiid51MnzmWuwl4yJ3C4-sA', '2024-06-22', '<iframe width=\"640\" height=\"360\" src=\"https://www.youtube.com/embed/Fp-Os6dKa7s?list=PLOLN2qKydrFESJN1E0VWl_1QbVhxF8JQv\" title=\"ูู ุณููุนูุถ ุงูุฐูุงุก ุงูุฅุตุทูุงุนู ููุงู ุงูุทุจูุจุ | ููุถุฉ ุงูุฃูุฉ ุงูุฅุณูุงููุฉ | ูุน ุฏ. ุฃุญูุฏ ุงููุงุฑุณู ๐๏ธุจูุฏูุงุณุช ูุฌุงูุณ\" frameborder=\"0\" allow=\"accelerometer; autoplay; clipboard-write; encrypted-media; gyroscope; picture-in-picture; web-share\" referrerpolicy=\"strict-origin-when-cross-origin\" allowfullscreen></iframe>'),
(12, 3, 'ูู ุงูููุงุฏุฉ ุฅูู ุงููุฑุงููุฉ : ุฏูููู ุงูุดุงูู ูุชุฑุจูุฉ ูุงุฌุญุฉ ูุฃุจูุงุฆู | ูุน ุฐ. ูุญูุฏ ูููุง ๐๏ธุจูุฏูุงุณุช ูุฌุงูุณ\r\n', 'ูู ูุฐุง ุงูุญููุฉ ูู ุจุฑูุงูุฌ ุจูุฏูุงุณุช ูุฌุงูุณ ุนูู ููุงุฉ ุฅุณูุงููููุฌูุง ุงุณุชุถููุง ุงููุฑุดุฏ ุงูุชุฑุจูู ู ุงูุฃุณุฑู ูุญูุฏ ูููุง ูุชููููุง ูุนู ูู ููุถูุน ุชุฑุจูุฉ ุงูุฃุจูุงุก ูู ุงูููุงุฏุฉ ุฅูู ุงููุฑุงููุฉ ูููู ุฃู ุงูุชุฑุจูุฉ ุงูููู ุฃุตุจุญุช ูู ุฃุตุนุจ ุงูุฃููุฑ ูุฃููุง ุณุจุงุญุฉ ุถุฏ ุงูุชูุงุฑ ููุง ุชููููุง ุนูู ูุฏููุฉ ุงูุฃุณุฑุฉ ูููุงุถูุน ุฃุฎุฑู ูุชุนุฏุฏุฉ.\r\n ', 'https://i.ytimg.com/vi/k1TeYpDt48w/hqdefault.jpg?sqp=-oaymwEbCKgBEF5IVfKriqkDDggBFQAAiEIYAXABwAEG&rs=AOn4CLCxYtzRmrp4AfrcCsS1zZmErkJBXg', '2024-06-14', '<iframe width=\"640\" height=\"360\" src=\"https://www.youtube.com/embed/k1TeYpDt48w?list=PLOLN2qKydrFESJN1E0VWl_1QbVhxF8JQv\" title=\"ูู ุงูููุงุฏุฉ ุฅูู ุงููุฑุงููุฉ : ุฏูููู ุงูุดุงูู ูุชุฑุจูุฉ ูุงุฌุญุฉ ูุฃุจูุงุฆู | ูุน ุฐ. ูุญูุฏ ูููุง ๐๏ธุจูุฏูุงุณุช ูุฌุงูุณ\" frameborder=\"0\" allow=\"accelerometer; autoplay; clipboard-write; encrypted-media; gyroscope; picture-in-picture; web-share\" referrerpolicy=\"strict-origin-when-cross-origin\" allowfullscreen></iframe>'),
(13, 3, 'ูุง ุดูุจุงุจ ุงูููุณูููู ุฃูุง ุชุชุฒูููุฌูููุ! | ููู ููุฑุจู ุฃุจูุงุฆูุง ุนูู ุงูุจูุฑุ | ูุน ููุณู ุฅูุณููุงู ๐๏ธุจูุฏูุงุณุช ูุฌุงูุณ\r\n', 'ูู ูุฐุง ุงูุญููุฉ ูู ุจุฑูุงูุฌ ุจูุฏูุงุณุช ูุฌุงูุณ ุนูู ููุงุฉ ุฅุณูุงููููุฌูุง ุงุณุชุถููุง ููุณู ุฅูุณููุงู ูู ุดุจุงุจ ุงูุฏุนูุฉ ูุชููููุง ูุนู ูู ููุถูุน ุจุฑ ุงูุฃุจูุงุก ููุขุจุงุก ูุชุฑุจูุชูู ุนูู ุงูุฃุฎูุงู ู ุงูุฏููุ ุชููููุง ุนูู ูุนุงููุฑ ุฅุฎุชูุงุฑ ุงูุฒูุฌุฉ ูุฃู ุฃุจูุงุก ุงููุณุชูุจู ูููู ูุฌุจ ุนูู ุงููุชุทูููู ุฃู ูุชุนุงูููุง ูุน ุฃุจูุงุฆูู ุจุนุฏ ุญุตูู ุงูุทูุงู ููุง ุชููููุง ุนูู ูุฏููุฉ ุงูุฃุณุฑุฉ ูููุงุถูุน ุฃุฎุฑู ูุชุนุฏุฏุฉ.\r\n ', 'https://i.ytimg.com/vi/wsmCwWIEeXg/hqdefault.jpg?sqp=-oaymwEbCKgBEF5IVfKriqkDDggBFQAAiEIYAXABwAEG&rs=AOn4CLAG1Kc2ah1ZryCUNGZRcFTBGKX2Gg', '2024-05-05', '<iframe width=\"640\" height=\"360\" src=\"https://www.youtube.com/embed/wsmCwWIEeXg?list=PLOLN2qKydrFESJN1E0VWl_1QbVhxF8JQv\" title=\"ูุง ุดูุจุงุจ ุงูููุณูููู ุฃูุง ุชุชุฒูููุฌูููุ! | ููู ููุฑุจู ุฃุจูุงุฆูุง ุนูู ุงูุจูุฑุ | ูุน ููุณู ุฅูุณููุงู ๐๏ธุจูุฏูุงุณุช ูุฌุงูุณ\" frameborder=\"0\" allow=\"accelerometer; autoplay; clipboard-write; encrypted-media; gyroscope; picture-in-picture; web-share\" referrerpolicy=\"strict-origin-when-cross-origin\" allowfullscreen></iframe>'),
(14, 3, 'ุณูุก ุงูุฃุฎูุงู ุณุจุจ ุงูุทูุงู | ุชุฑุจูุฉ ุงูุฃุจูุงุก ุนูู ุงูุฃุฎูุงู | ูุน ุงูููุชุด ุดุนูุจ ุตุจูุฑู๐๏ธุจูุฏูุงุณุช ูุฌุงูุณ\r\n', 'ูู ูุฐุง ุงูุญููุฉ ูู ุจุฑูุงูุฌ ุจูุฏูุงุณุช ูุฌุงูุณ ุนูู ููุงุฉ ุฅุณูุงููููุฌูุง ุงุณุชุถููุง ุงููุฏุฑุจ ูุงูุฎุจูุฑ ูู ุชุทููุฑ ุงูุฐุงุช ู ุงูุนูุงูุงุช ุดุนูุจ ุตุจูุฑู ู ุชููููุง ูุนู ุนูู ุงูุฃุฎูุงูุ  ูููุงุถูุน ุฃุฎุฑู ูุชุนุฏุฏุฉ.\r\n ', 'https://i.ytimg.com/vi/l7-kZXxJ0qc/hqdefault.jpg?sqp=-oaymwEbCKgBEF5IVfKriqkDDggBFQAAiEIYAXABwAEG&rs=AOn4CLDlCYeToKJW4dFyslMMKrtsmIsMhQ', '2024-05-16', '<iframe width=\"640\" height=\"360\" src=\"https://www.youtube.com/embed/l7-kZXxJ0qc?list=PLOLN2qKydrFESJN1E0VWl_1QbVhxF8JQv\" title=\"ุณูุก ุงูุฃุฎูุงู ุณุจุจ ุงูุทูุงู | ุชุฑุจูุฉ ุงูุฃุจูุงุก ุนูู ุงูุฃุฎูุงู | ูุน ุงูููุชุด ุดุนูุจ ุตุจูุฑู๐๏ธุจูุฏูุงุณุช ูุฌุงูุณ\" frameborder=\"0\" allow=\"accelerometer; autoplay; clipboard-write; encrypted-media; gyroscope; picture-in-picture; web-share\" referrerpolicy=\"strict-origin-when-cross-origin\" allowfullscreen></iframe>'),
(15, 3, 'ููุฐู ุงูุฃุณุจุงุจ ุณูุทุช ุงูุฃูุฉ ุงูุฅุณูุงููุฉ ูู ุงูุชุฎูู ู ุงูุงูุญุทุงุท | ูุน ุฐ. ูุตุทูู ุดูููุฑ๐๏ธุจูุฏูุงุณุช ูุฌุงูุณ\r\n', 'ูู ูุฐุง ุงูุญููุฉ ูู ุจุฑูุงูุฌ ุจูุฏูุงุณุช ูุฌุงูุณ ุนูู ููุงุฉ ุฅุณูุงููููุฌูุง ุงุณุชุถููุง ุงูุฃุณุชุงุฐ ูุตุทูู ุดูููุฑ ูุชููููุง ูุนู ูู ููุถูุน ูุงุฐุง ุฎุณุฑ ุงูุนุงูู ุจุงูุญุทุงุท ุงููุณููููุ ุชููููุง ุนู ูุถุน ุงูุนุงูู ูุงูุจุดุฑูุฉ ูุจู ุจุนุซุฉ ุงููุจู ูุญูุฏ ุตูู ุงููู ุนููู ูุณูู ูููู ุชุบูุฑ ุงูุญุงู ุจุนุฏ ุงูุจุนุซุฉ ูููู ุฃู ุงููุณูููู ุจููุง ุญุถุงุฑุฉ ูุดูุฏ ุงูุนุงูู ูู ุญูููู ุงูุฅุฒุฏูุงุฑ ูุงูุฑูู ูุงูุนุฏู ูููู ุฃู ุงูุนุงูู ูุชุฎุจุท ุงูุขู ูู ุงูุนุฏูุฏ ูู ุงููุดุงูู ุจุณุจุจ ุถุนู ุงููุณูููู ูุงูุญุทุงุทูู.\r\n ', 'https://i.ytimg.com/vi/X_OrQIRQELM/hqdefault.jpg?sqp=-oaymwEbCKgBEF5IVfKriqkDDggBFQAAiEIYAXABwAEG&rs=AOn4CLB1N6K0_lqLE152l6qgm_z9EkX1KA', '2024-05-02', '<iframe width=\"640\" height=\"360\" src=\"https://www.youtube.com/embed/X_OrQIRQELM?list=PLOLN2qKydrFESJN1E0VWl_1QbVhxF8JQv\" title=\"ููุฐู ุงูุฃุณุจุงุจ ุณูุทุช ุงูุฃูุฉ ุงูุฅุณูุงููุฉ ูู ุงูุชุฎูู ู ุงูุงูุญุทุงุท | ูุน ุฐ. ูุตุทูู ุดูููุฑ๐๏ธุจูุฏูุงุณุช ูุฌุงูุณ\" frameborder=\"0\" allow=\"accelerometer; autoplay; clipboard-write; encrypted-media; gyroscope; picture-in-picture; web-share\" referrerpolicy=\"strict-origin-when-cross-origin\" allowfullscreen></iframe>'),
(16, 3, 'ูู ุงูุณูููุฉ ูู ุงููุฑูุฉ ุงููุงุฌูุฉุ | ุงูุฃุดุนุฑูุฉุ ุงููุฐูุจูุฉุ ุงูุชุตูู | ุงูุดูุฎ ุนุจุฏ ุงูุตูุฏ ูุฑูู ๐๏ธุจูุฏูุงุณุช ูุฌุงูุณ\r\n', 'ูู ูุฐุง ุงูุญููุฉ ูู ุจุฑูุงูุฌ ุจูุฏูุงุณุช ูุฌุงูุณ ุนูู ููุงุฉ ุฅุณูุงููููุฌูุง ุงุณุชุถููุง ุงูุดูุฎ ุนุจุฏ ุงูุตูุฏ ูุฑูู ูุชููููุง ูุนู ุนู ุงูุณูููุฉ ููุง ูุซุงุฑ ุญูููุง ูู ุงุชูุงูุงุช ุจุงูุชุดุฏุฏ ูู ุงูุฏููุ ุชููููุง ุนูู ุนูุงูุฉ ุงูุณูููุฉ ุจุฅุจู ุชูููุฉ ููุญูุฏ ุงุจู ุนุจุฏ ุงูููุงุจุ ุชููููุง ุนูู ุงููุฑู ุงูุนูุฏูุฉ ูุงูุฃุดุนุฑูุฉุ ุนูู ุงููุฐูุจูุฉ ูุนูู ุงูุชุตูู ูุชููููุง ูู ููุงุถูุน ุฃุฎุฑู ูุชุนุฏุฏุฉ.\r\n', 'https://www.youtube.com/watch?v=49w6TNcnxqk&list=PLOLN2qKydrFESJN1E0VWl_1QbVhxF8JQv&index=6&pp=iAQB', '2024-04-24', 'https://www.youtube.com/watch?v=49w6TNcnxqk&list=PLOLN2qKydrFESJN1E0VWl_1QbVhxF8JQv&index=6&pp=iAQB'),
(17, 3, 'ุฏ.ุญูุฒุฉ ุงูุฎุงูุฏู: ุงุญุชุฑู ุจูุชู ูููุฏุช ูู ุฃููุงูู ูุจุฏุฃุช ูู ุงูุตูุฑ |ูุญูุฏ ุงููุงูุฏ ูุฅููุงุณ ุงููุงููู๐๏ธุจูุฏูุงุณุช ูุฌุงูุณ\r\n', 'ูู ูุฐุง ุงูุญููุฉ ูู ุจุฑูุงูุฌ ุจูุฏูุงุณุช ูุฌุงูุณ ุนูู ููุงุฉ ุฅุณูุงููููุฌูุง ุงุณุชุถููุง ุงูุฏูุชูุฑ ุญูุฒุฉ ุงูุฎุงูุฏู ูุชููููุง ูุนู ุนู ุฏูุฑ ุงูุนููุงุก ูุงูุฏุนุงุฉ ูููุงุฐุง ูุชู ููุน ุงูุจุนุถ ูููู ูู ุงููุญุงุถุฑุงุชุ ุชููููุง ุนูู ูุชุงูู ุงูุดูุฎ ููููุฏ ุงูุณุฑูุฑู ุงูุชู ุชุซูุฑ ุงูุฌุฏูุ ุชููููุง ุนูู ุงูุนุฏูุฏ ูู ูุถุงูุง ุงูุดุจุงุจุ ุชููููุง ุนูู ุฑุญูุฉ ุญูุฒุฉ ุงูุฎุงูุฏู ูุน ุงูุชุฌุงุฑุฉ ูุงูุฃุนูุงู ูุชููููุง ูู ููุงุถูุน ุฃุฎุฑู ูุชุนุฏุฏุฉ.\r\n', 'https://i.ytimg.com/vi/iG5vVXL1jfU/hqdefault.jpg?sqp=-oaymwEbCKgBEF5IVfKriqkDDggBFQAAiEIYAXABwAEG&rs=AOn4CLDyiTpBe1s67MoVCGNbu3PiCL5OHQ', '2024-04-14', '<iframe width=\"640\" height=\"360\" src=\"https://www.youtube.com/embed/iG5vVXL1jfU?list=PLOLN2qKydrFESJN1E0VWl_1QbVhxF8JQv\" title=\"ุฏ.ุญูุฒุฉ ุงูุฎุงูุฏู: ุงุญุชุฑู ุจูุชู ูููุฏุช ูู ุฃููุงูู ูุจุฏุฃุช ูู ุงูุตูุฑ |ูุญูุฏ ุงููุงูุฏ ูุฅููุงุณ ุงููุงููู๐๏ธุจูุฏูุงุณุช ูุฌุงูุณ\" frameborder=\"0\" allow=\"accelerometer; autoplay; clipboard-write; encrypted-media; gyroscope; picture-in-picture; web-share\" referrerpolicy=\"strict-origin-when-cross-origin\" allowfullscreen></iframe>'),
(18, 3, 'ุดูุงุฏุงุช ูุดุจุงุจ ุฏูุฑูุง ุญูุงุชูู ุจุณุจุจ ุงูุฎูุฑ ู ุงูุฒูุง | ุงูุฃููุงุช ุงูุนุงุฒุจุงุช | ูุญูุฏ ุฃุจู ูุงุฑูู ูููุฏ๐๏ธุจูุฏูุงุณุช ูุฌุงูุณ\r\n', 'ูู ูุฐุง ุงูุญููุฉ ูู ุจุฑูุงูุฌ ุจูุฏูุงุณุช ูุฌุงูุณ ุนูู ููุงุฉ ุฅุณูุงููููุฌูุง ุชุญุฏุซูุง ูุน ูุญูุฏ ุงููุงุฏู ุงููุนุฑูู ุจูุญูุฏ ุฃุจู ูุงุฑูู ูููุฏุ ููุฑุถ ูุชุฎุตุต ูู ุงูุชุฎุฐูุฑ ูุงูุฅูุนุงุด ุนู ูุฌุงู ุงูุฏุนูุฉ ุฅูู ุงููู ู ุนู ูุถู ุงููุฑุขู ุงููุฑููุ ุชููููุง ุนู ุดูุงุฏุงุช ูุดุจุงุจ ุถูุนูุง ุญูุงุชูู ุจุณุจุจ ุงูุฎููุฑ ู ุงููุฎุฐุฑุงุช ูุงูุฒูุง ูุชููููุง ูู ููุงุถูุน ุฃุฎุฑู ูุชุนุฏุฏุฉ.\r\n', 'https://i.ytimg.com/vi/FsqIyf-lvn4/hqdefault.jpg?sqp=-oaymwEbCKgBEF5IVfKriqkDDggBFQAAiEIYAXABwAEG&rs=AOn4CLACapVzt1FEuPfJ1T5g7XtyeAumCw', '2024-03-24', '<iframe width=\"640\" height=\"360\" src=\"https://www.youtube.com/embed/FsqIyf-lvn4?list=PLOLN2qKydrFESJN1E0VWl_1QbVhxF8JQv\" title=\"ุดูุงุฏุงุช ูุดุจุงุจ ุฏูุฑูุง ุญูุงุชูู ุจุณุจุจ ุงูุฎูุฑ ู ุงูุฒูุง | ุงูุฃููุงุช ุงูุนุงุฒุจุงุช | ูุญูุฏ ุฃุจู ูุงุฑูู ูููุฏ๐๏ธุจูุฏูุงุณุช ูุฌุงูุณ\" frameborder=\"0\" allow=\"accelerometer; autoplay; clipboard-write; encrypted-media; gyroscope; picture-in-picture; web-share\" referrerpolicy=\"strict-origin-when-cross-origin\" allowfullscreen></iframe>'),
(19, 3, 'ุนูุงุด ุงูุณูุงูุฑูุฉ ููุญุจุณู ุงูุฎูุฑ 40 ููู ูุจู ุฑูุถุงูุ | ูุณูุณูุงุช ุดูุงุทูู ุงูุฅูุณ| ุฏ. ุฑุดูุฏ ุงูููุงูู๐๏ธุจูุฏูุงุณุช ูุฌุงูุณ\r\n', 'ูู ูุฐุง ุงูุญููุฉ ูู ุจุฑูุงูุฌ ุจูุฏูุงุณุช ูุฌุงูุณ ุนูู ููุงุฉ ุฅุณูุงููููุฌูุง ุงุณุชุถููุง ุงูุดูุฎ ุงูุฏูุชูุฑ ุฑุดูุฏ ุงูููุงูู ู ุชููููุง ูุนู ุนู  ูุถู ุดูุฑ ุฑูุถุงู ู ููู ูููู ููู ูู ุงููุงุฆุฒููุ ุชููููุง ุนู ุจุนุถ ุงูุธูุงูุฑ ุงูุณูุจูุฉ ุงููุดุงูุฏุฉ ูู ุฑูุถุงู ู ููู ูุชุฌูุจูุง ููุง ุชููููุง ูู ููุงุถูุน ุฃุฎุฑู ูุชุนุฏุฏุฉ.\r\n', 'https://i.ytimg.com/vi/juTLKsD4RiY/hqdefault.jpg?sqp=-oaymwEbCKgBEF5IVfKriqkDDggBFQAAiEIYAXABwAEG&rs=AOn4CLAL74HpJQvEL1Txf4PvnCMbdgTGRQ', '2024-03-24', '<iframe width=\"640\" height=\"360\" src=\"https://www.youtube.com/embed/juTLKsD4RiY?list=PLOLN2qKydrFESJN1E0VWl_1QbVhxF8JQv\" title=\"ุนูุงุด ุงูุณูุงูุฑูุฉ ููุญุจุณู ุงูุฎูุฑ 40 ููู ูุจู ุฑูุถุงูุ | ูุณูุณูุงุช ุดูุงุทูู ุงูุฅูุณ| ุฏ. ุฑุดูุฏ ุงูููุงูู๐๏ธุจูุฏูุงุณุช ูุฌุงูุณ\" frameborder=\"0\" allow=\"accelerometer; autoplay; clipboard-write; encrypted-media; gyroscope; picture-in-picture; web-share\" referrerpolicy=\"strict-origin-when-cross-origin\" allowfullscreen></iframe>'),
(20, 3, 'ูุง ูุฌุงุฉ ููุง ุฅูุง ุจุงูุนูุฏุฉ ุฅูู ุงููุฑุขู ุงููุฑูู | ุงููุณุญ ุนูู ุงูุชูุงุดูุฑ| ุงููุฐูุจูุฉ |ูุญูุฏ ุจู ุนุฒู๐๏ธุจูุฏูุงุณุช ูุฌุงูุณ\r\n', 'ูู ูุฐุง ุงูุญููุฉ ูู ุจุฑูุงูุฌ ุจูุฏูุงุณุช ูุฌุงูุณ ุนูู ููุงุฉ ุฅุณูุงููููุฌูุง ุงุณุชุถููุง ุงูุดูุฎ ูุญูุฏ ุจู ุนุฒู ุชูููุฐ ุงูุดูุฎ ููููุฏ ุงูุณุฑูุฑู ูุชููููุง ูุนู ุนูู ุงููุฑุขู ุงููุฑูู  ููุถูู ูุชุฃุซูุฑู ุนูู ุตุงุญุจูุ ุชููููุง ุนู ุฑุญูุชู ูู ุทูุจ ุงูุนูู ูู ูุฏุฑุณุฉ ุชููุฑุช ุงูุนุชููุฉุ ุชููููุง ุนู ูุชูู ุงูุดูุฎ ููููุฏ ุงูุณุฑูุฑู ุงููุชุนููุฉ ุจุงููุณุญ ุนูู ุงูุชูุงุดูุฑ ูุนู ุงููุฐูุจูุฉ ูููุงุถูุน ุฃุฎุฑู ูุชุนุฏุฏุฉ.\r\n', 'https://i.ytimg.com/vi/md_j8duR7IY/hqdefault.jpg?sqp=-oaymwEbCKgBEF5IVfKriqkDDggBFQAAiEIYAXABwAEG&rs=AOn4CLAOyZP-xVsiljPKcU33bT679lMs_A', '2024-02-24', '<iframe width=\"640\" height=\"360\" src=\"https://www.youtube.com/embed/md_j8duR7IY?list=PLOLN2qKydrFESJN1E0VWl_1QbVhxF8JQv\" title=\"ูุง ูุฌุงุฉ ููุง ุฅูุง ุจุงูุนูุฏุฉ ุฅูู ุงููุฑุขู ุงููุฑูู | ุงููุณุญ ุนูู ุงูุชูุงุดูุฑ| ุงููุฐูุจูุฉ |ูุญูุฏ ุจู ุนุฒู๐๏ธุจูุฏูุงุณุช ูุฌุงูุณ\" frameborder=\"0\" allow=\"accelerometer; autoplay; clipboard-write; encrypted-media; gyroscope; picture-in-picture; web-share\" referrerpolicy=\"strict-origin-when-cross-origin\" allowfullscreen></iframe>'),
(21, 4, 'ููู ููุฑุท\r\n', 'ูู ุงูุญููุฉ ุงูุฎุงูุณุฉ ูู ุจูุฏูุงุณุช ุตูุญูุจุ ูุงููู ุชููุช ุจุงูุชุฒุงูู ูุน ุงูููู ุงูุนุงููู ููุตุญุฉ ุงูููุณูุฉุ ุญููุช ููู ุนู ุงูููู ูุนุฑูุชูุ ูุญููุช ุนู ุงูุงููุฑ ุงููู ูููู ูู ุชุนุฒุฒูุง ุนูุฏู ุชุฏูุน ุจุงูููู ุฌุงูุจูุงุ\r\n', 'https://i.ytimg.com/vi/bEZl-RQUQ1o/hqdefault.jpg?sqp=-oaymwE1CKgBEF5IVfKriqkDKAgBFQAAiEIYAXABwAEG8AEB-AH-CYAC0AWKAgwIABABGGUgZShlMA8=&rs=AOn4CLCnytZhQ8uaevqmali8ld0sxpY5YA', '2022-10-22', '<iframe width=\"640\" height=\"360\" src=\"https://www.youtube.com/embed/bEZl-RQUQ1o?list=PL4YviBhRq-2CD_k74IA1uWNC1O_ShNu4o\" title=\"ููู ููุฑุท\" frameborder=\"0\" allow=\"accelerometer; autoplay; clipboard-write; encrypted-media; gyroscope; picture-in-picture; web-share\" referrerpolicy=\"strict-origin-when-cross-origin\" allowfullscreen></iframe>'),
(22, 4, 'ุงููุฒููุฉ ูุฒููุฉ ..\r\n', 'ูู ุงูุญููุฉ ุงูุนุงุดุฑุฉ ูู ุจูุฏูุงุณุช ุตูุญูุจ ุญููุช ููู ุงููุฒููุฉ ูุงููุง ูุง ูุฌุจ ุงู ุชุณููู ุจูุณููุงุช ุงุฎุฑูุ ููุชู ูููู ุงุดุฎุงุต ุงููุฒุงููููุ\r\n', 'https://i.ytimg.com/vi/WMtkjYXDExw/hqdefault.jpg?sqp=-oaymwE1CKgBEF5IVfKriqkDKAgBFQAAiEIYAXABwAEG8AEB-AHUBoACrAOKAgwIABABGEogXChlMA8=&rs=AOn4CLD7RmWY-nZDtWb4u5UAL4VOHtD-JA', NULL, '<iframe width=\"758\" height=\"380\" src=\"https://www.youtube.com/embed/WMtkjYXDExw?list=PL4YviBhRq-2CD_k74IA1uWNC1O_ShNu4o\" title=\"ุงููุฒููุฉ ูุฒููุฉ ..\" frameborder=\"0\" allow=\"accelerometer; autoplay; clipboard-write; encrypted-media; gyroscope; picture-in-picture; web-share\" referrerpolicy=\"strict-origin-when-cross-origin\" allowfullscreen></iframe>'),
(23, 4, 'ููุธุฉ\r\n', 'ูู ุงูุญููุฉ ุงูุซุงููุฉ ุนุดุฑ ูู ุจูุฏูุงุณุช ุตูุญูุจ ุญููุช ููู ุนู ุงูููุธุฉ ุงูุฐูููุฉุ ูุฃูููุชูุงุ ูููุง ุชูุฑ ูุชุฑุฉ ูู ุญูุงุชูุง ุจุฏูู ูุงูุญุณ ูููุง ูุงููุง ุนุดูุงูุง .. ุงุชููู ุชุนุฌุจูู \r\n', 'https://i.ytimg.com/vi/ZciARWrdt-c/hqdefault.jpg?sqp=-oaymwE1CKgBEF5IVfKriqkDKAgBFQAAiEIYAXABwAEG8AEB-AHUBoACrAOKAgwIABABGDEgVih_MA8=&rs=AOn4CLCglHvRfWE5e_Wt6yfQDeEyyibd7g', '2023-08-06', '<iframe width=\"758\" height=\"380\" src=\"https://www.youtube.com/embed/ZciARWrdt-c?list=PL4YviBhRq-2CD_k74IA1uWNC1O_ShNu4o\" title=\"ููุธุฉ\" frameborder=\"0\" allow=\"accelerometer; autoplay; clipboard-write; encrypted-media; gyroscope; picture-in-picture; web-share\" referrerpolicy=\"strict-origin-when-cross-origin\" allowfullscreen></iframe>'),
(24, 4, 'ุฎุฐูุงู', 'ูู ุงูุญููุฉ ุงูุซุงูุซุฉ ุนุดุฑ ูู ุจูุฏูุงุณุช ุตูุญูุจ ุญููุช ููู ุนู ุงูุฎุฐูุงูุ ูู ุงูุงุญูุงู ูุงูุนูุงูุงุชุ ููุฏ ุงูุด ูููู ูุณุชูุฒู ูู ุตุญุชู ูููุณูุชูุ ุงุชููู ุชุนุฌุจูู ูุง ุฑูุงู  \r\n', 'https://i.ytimg.com/vi/X-FBjcsZJjQ/hqdefault.jpg?sqp=-oaymwE1CKgBEF5IVfKriqkDKAgBFQAAiEIYAXABwAEG8AEB-AHUBoACrAOKAgwIABABGEsgXShlMA8=&rs=AOn4CLBqbP_EJexYcnX2HAT51G0GTO6tZw', '2023-09-11', '<iframe width=\"758\" height=\"380\" src=\"https://www.youtube.com/embed/X-FBjcsZJjQ?list=PL4YviBhRq-2CD_k74IA1uWNC1O_ShNu4o\" title=\"ุฎุฐูุงู\" frameborder=\"0\" allow=\"accelerometer; autoplay; clipboard-write; encrypted-media; gyroscope; picture-in-picture; web-share\" referrerpolicy=\"strict-origin-when-cross-origin\" allowfullscreen></iframe>'),
(25, 4, 'ุงูุชุนููุ ูุชูุฌุฉ ุทูููุฉุ\r\n', 'ูู ุงูุญููุฉ ุงูุฑุงุจุนุฉ ุนุดุฑ ูู ุจุฑูุฏูุงุณุช ุตูุญูุจ ุญููุช ููู ุนู ุดุนูุฑ ุงูุชุนูููุ ูุงูุขูุงู ุงููู ูุณุจุจูุงุ ููู ูู ูุชูุฌุฉ ุทูููุฉ ุจุงุฆุณุฉุ ุญููุฉ ุฏุณูุฉ ุฌุฏูุงุ ุงุชููู ุชุนุฌุจูู ูุง ุฑูุงู  \r\n', 'https://i.ytimg.com/vi/I9ToKZd3CMk/hqdefault.jpg?sqp=-oaymwE1CKgBEF5IVfKriqkDKAgBFQAAiEIYAXABwAEG8AEB-AH-CYAC0AWKAgwIABABGFsgWyhbMA8=&rs=AOn4CLCsb8FEdySy2Deezfm7-9Nj8HTPxg', '2023-11-16', '<iframe width=\"640\" height=\"360\" src=\"https://www.youtube.com/embed/I9ToKZd3CMk?list=PL4YviBhRq-2CD_k74IA1uWNC1O_ShNu4o\" title=\"ุงูุชุนููุ ูุชูุฌุฉ ุทูููุฉุ\" frameborder=\"0\" allow=\"accelerometer; autoplay; clipboard-write; encrypted-media; gyroscope; picture-in-picture; web-share\" referrerpolicy=\"strict-origin-when-cross-origin\" allowfullscreen></iframe>'),
(26, 4, 'ููุฎุฑ ุจูุง\r\n', 'ูู ุงูุญููุฉ ุงูุฎุงูุณุฉ ุนุดุฑุ ูุญุชูู ุจุงูููู ุงูุนุงููู ููุบุชูุง ุงูุนุฑุจูุฉุ ุญููุช ุนู ุงูููุฉ ุงููุบุฉ ูุซูููุง ุงูุนุงูููุ ููุณุงุนู ูุฌูุน ุงูููู ุงูุณููุงู ุงูุนุงููู ูุชุนุฒูุฒ ุงูุชุดุงุฑ ุงููุบุฉุ ูุญูุงูุชูุง.. \r\n', 'https://i.ytimg.com/vi/TxuZBkGHUTw/hqdefault.jpg?sqp=-oaymwE1CKgBEF5IVfKriqkDKAgBFQAAiEIYAXABwAEG8AEB-AH-CYAC0AWKAgwIABABGGUgVCg-MA8=&rs=AOn4CLAleyKCv7hj486wdI3SnmrqIvcegQ', '2023-12-11', '<iframe width=\"640\" height=\"360\" src=\"https://www.youtube.com/embed/TxuZBkGHUTw?list=PL4YviBhRq-2CD_k74IA1uWNC1O_ShNu4o\" title=\"ููุฎุฑ ุจูุง\" frameborder=\"0\" allow=\"accelerometer; autoplay; clipboard-write; encrypted-media; gyroscope; picture-in-picture; web-share\" referrerpolicy=\"strict-origin-when-cross-origin\" allowfullscreen></iframe>'),
(27, 1, 'ูุนู ูุน ุงูุฌูููุฑ ูฆ | ุญูููุฉ ุงูุฐููุจ ูููุงุฐุง ูุฐูุจ ูููู ุงูููุณ ูู ุงูุชุนุงูู ูุน ุงูุฐูุจ\r\n', 'ุจูุฏูุงุณุช ูุนู ูุน ุฃุญูุฏ ุนุงูุฑ ูุญุงุฒู ุงูุตุฏูู\r\n', 'https://i.ytimg.com/vi/7AWgilk0YMM/hqdefault.jpg?sqp=-oaymwEbCKgBEF5IVfKriqkDDggBFQAAiEIYAXABwAEG&rs=AOn4CLB80ZBXb7ACVy4hwvTNOfBJumnGXg', '2021-03-07', '<iframe width=\"640\" height=\"360\" src=\"https://www.youtube.com/embed/7AWgilk0YMM?list=PLCpK4282MCT-lBXi4Nodjzq1TDZsK9qwr\" title=\"ูุนู ูุน ุงูุฌูููุฑ ูฆ | ุญูููุฉ ุงูุฐููุจ ูููุงุฐุง ูุฐูุจ ูููู ุงูููุณ ูู ุงูุชุนุงูู ูุน ุงูุฐูุจ\" frameborder=\"0\" allow=\"accelerometer; autoplay; clipboard-write; encrypted-media; gyroscope; picture-in-picture; web-share\" referrerpolicy=\"strict-origin-when-cross-origin\" allowfullscreen></iframe>'),
(28, 1, 'ูุนู ูง | ุฃูููุฉ ุทูุจ ุงูุนูู ุงูุดุฑุนู ูุฃููุงุนู ููู ูู ุถุฑูุฑุฉ ุฃู ุงุฎุชูุงุฑ\r\n', '     ', 'https://i.ytimg.com/vi/mhQYHun5lh4/hqdefault.jpg?sqp=-oaymwE1CKgBEF5IVfKriqkDKAgBFQAAiEIYAXABwAEG8AEB-AHUBoAC4AOKAgwIABABGGUgZShlMA8=&rs=AOn4CLDtMj5Q3yYZdIuXe4s7QTHhR6lcGQ', '2021-03-12', '<iframe width=\"640\" height=\"360\" src=\"https://www.youtube.com/embed/mhQYHun5lh4?list=PLCpK4282MCT-lBXi4Nodjzq1TDZsK9qwr\" title=\"ูุนู ูง | ุฃูููุฉ ุทูุจ ุงูุนูู ุงูุดุฑุนู ูุฃููุงุนู ููู ูู ุถุฑูุฑุฉ ุฃู ุงุฎุชูุงุฑ\" frameborder=\"0\" allow=\"accelerometer; autoplay; clipboard-write; encrypted-media; gyroscope; picture-in-picture; web-share\" referrerpolicy=\"strict-origin-when-cross-origin\" allowfullscreen></iframe>'),
(29, 1, 'ูุนู ูจ | ูุนูู ุงูุจุฑ ุงูููููุฏ ูููููู ุฌุฏูุฏ ูุงุณุชูุนุงุจ ุนูุงูุชูุง ุจุฃูููุง ูุทุฑู ูุนุงูุฉ ูููู ุฑุถุงูู\r\n', 'ุจูุฏูุงุณุช ูุนู ูุน ุฃุญูุฏ ุนุงูุฑ ูุญุงุฒู ุงูุตุฏูู: \r\nูุนูู ุงูุจุฑ ุงูููููุฏ ูููููู ุฌุฏูุฏ ูุงุณุชูุนุงุจ ุนูุงูุชูุง ุจุฃูููุง ูุทุฑู ูุนุงูุฉ ูููู ุฑุถุงูู', 'https://i.ytimg.com/vi/D3gunb0UuVY/hqdefault.jpg?sqp=-oaymwEbCKgBEF5IVfKriqkDDggBFQAAiEIYAXABwAEG&rs=AOn4CLCgr0h9pLeByxUsd8GuT9INEp0jsA', '2023-03-21', '<iframe width=\"640\" height=\"360\" src=\"https://www.youtube.com/embed/D3gunb0UuVY?list=PLCpK4282MCT-lBXi4Nodjzq1TDZsK9qwr\" title=\"ูุนู ูจ | ูุนูู ุงูุจุฑ ุงูููููุฏ ูููููู ุฌุฏูุฏ ูุงุณุชูุนุงุจ ุนูุงูุชูุง ุจุฃูููุง ูุทุฑู ูุนุงูุฉ ูููู ุฑุถุงูู\" frameborder=\"0\" allow=\"accelerometer; autoplay; clipboard-write; encrypted-media; gyroscope; picture-in-picture; web-share\" referrerpolicy=\"strict-origin-when-cross-origin\" allowfullscreen></iframe>'),
(30, 1, 'ูุนู ูฉ | ูุงุฐุง ูุนูู ุฑูุถุงู ููุง ููุง ุงูุงุณุชุนุฏุงุฏ ุงูุฐููู ูุงูููุณู ูู\r\n', 'ุจูุฏูุงุณุช ูุนู ูุน ุงุญูุฏ ุนุงูุฑ ูุญุงุฒู ุงูุตุฏูู. ููููุฉ ุงูุงุณุชุนุฏุงุฏ ุงูุฐููู ูุงูููุณู ูุฑูุถุงู ูุชุญุฏูุงุช ุดุฎุตูุฉ\r\n', 'https://i.ytimg.com/vi/OuyAO6Nz9v0/hqdefault.jpg?sqp=-oaymwEbCKgBEF5IVfKriqkDDggBFQAAiEIYAXABwAEG&rs=AOn4CLCmjZ9NufwoZWhUMGqz4r6ezH8H2A', '2021-04-10', '<iframe width=\"640\" height=\"360\" src=\"https://www.youtube.com/embed/OuyAO6Nz9v0?list=PLCpK4282MCT-lBXi4Nodjzq1TDZsK9qwr\" title=\"ูุนู ูฉ | ูุงุฐุง ูุนูู ุฑูุถุงู ููุง ููุง ุงูุงุณุชุนุฏุงุฏ ุงูุฐููู ูุงูููุณู ูู\" frameborder=\"0\" allow=\"accelerometer; autoplay; clipboard-write; encrypted-media; gyroscope; picture-in-picture; web-share\" referrerpolicy=\"strict-origin-when-cross-origin\" allowfullscreen></iframe>'),
(31, 1, 'ูุนู ูกู | ุงูุงุณุชุนุฏุงุฏ ุงูุนููู ูุฑูุถุงู ุจุฎุทุฉ ูุงูุนูุฉ\r\n', 'ุจูุฏูุงุณุช ูุนู ูุน ุฃุญูุฏ ุนุงูุฑ ูุญุงุฒู ุงูุตุฏูู ุนู ุงูุงุณุชุนุฏุงุฏ ูุฑูุถุงู ุจุฎุทุฉ ุนูููุฉ.\r\n', 'https://i.ytimg.com/vi/qUtDdVuXayA/hqdefault.jpg?sqp=-oaymwEbCKgBEF5IVfKriqkDDggBFQAAiEIYAXABwAEG&rs=AOn4CLBXbE-uNs2oWXUv9jw7wCAfSS-MMw', '2021-04-08', '<iframe width=\"640\" height=\"360\" src=\"https://www.youtube.com/embed/qUtDdVuXayA?list=PLCpK4282MCT-lBXi4Nodjzq1TDZsK9qwr\" title=\"ูุนู ูกู | ุงูุงุณุชุนุฏุงุฏ ุงูุนููู ูุฑูุถุงู ุจุฎุทุฉ ูุงูุนูุฉ\" frameborder=\"0\" allow=\"accelerometer; autoplay; clipboard-write; encrypted-media; gyroscope; picture-in-picture; web-share\" referrerpolicy=\"strict-origin-when-cross-origin\" allowfullscreen></iframe>'),
(32, 5, 'ููู ุถููุน ุงููุณูููู ุงูุฃูุฏูุณ | ุจูุฏูุงุณุช ููุฌุงู\r\n', 'ูุง ุณุฑ ุงุฑุชุจุงุทูุง ุงูุนุงุทูู ุจุงูุฃูุฏูุณุ ููุง ุณุฑ ุงูุชุณููุงุช ุงูุฃูุฏูุณูุฉ ูุซู ุดุงุฑุน ุบุฑูุงุทุฉ ูุญู ุงูุญูุฑุงุก ูู ูุฏููุง ุญุชู ุงููููุ\r\n\r\nุถูู ูุฐู ุงูุญููุฉ ุฎุงูุฏ ุงูุจูุฑุ ุฃุณุชุงุฐ ุงูุชุงุฑูุฎ ุงูุฅุณูุงูู ูู ุฌุงูุนุฉ ุงูููู ุณุนูุฏุ ูุญูู ููุง ูููุง ูุตุฉ ุงูุฃูุฏูุณ ูุชุงุฑูุฎูุง ููุฐ ูุชุญูุง ูุฏุฎูู ุงููุณูููู ุฅูููุงุ ุญุชู ุณููุท ููุงูุชูู ูููุง. \r\n\r\nููุงุฐุง ูุชุญ ุงููุณูููู ุงูุฃูุฏูุณุ ููู ูู ุฃุฑุถ ุนุฑุจูุฉ ุฃุณุงุณูุงุ ูููู ูุงูุช ุงูุฎูุงูุฉ ุงูุฅุณูุงููุฉ ูููุงุ ูููู ุนุงุด ุงููุณูููู ุญูููุงุ\r\n\r\nูุงุฐุง ุนู ุฑุฏ ุงูุนุจุงุณููู ุนูู ุงููุฌูุฏ ุงูุณูุงุณู ููุฃููููู ูู ุงูุฃูุฏูุณุ ูููู ุงูููุจ ุญุงู ุงููุณูููู ูู ุงูููุฉ ุฅูู ุงูุถุนู ูุงูุงูููุงุฑ ุซู ุงูุชูุงุก ุฏููุชููุ ููุง ุญูููุฉ ูุญุงูู ุงูุชูุชูุดุ ูููู ูุงูุช ููุงูุฉ ุงูุฃููููู ูู ุงูุฃูุฏูุณุ \r\n\r\n', 'https://i.ytimg.com/vi/hnPVEa6Cweo/hqdefault.jpg?sqp=-oaymwEbCKgBEF5IVfKriqkDDggBFQAAiEIYAXABwAEG&rs=AOn4CLCtZ_2JXmkFguatv29nLY18SXin_Q', '2024-06-26', '<iframe width=\"640\" height=\"360\" src=\"https://www.youtube.com/embed/hnPVEa6Cweo?list=PLeNNUmE-BlnEls2kOkiV2CXMezV6oaq8I\" title=\"ููู ุถููุน ุงููุณูููู ุงูุฃูุฏูุณ | ุจูุฏูุงุณุช ููุฌุงู\" frameborder=\"0\" allow=\"accelerometer; autoplay; clipboard-write; encrypted-media; gyroscope; picture-in-picture; web-share\" referrerpolicy=\"strict-origin-when-cross-origin\" allowfullscreen></iframe>'),
(33, 5, 'ููู ุณูุชุฎูู ุงูุนุงูู ุนู ุงูููุท | ุจูุฏูุงุณุช ููุฌุงู\r\n', 'ุนูุฏ ุงูุญุฏูุซ ุนู ุงูููุท ูุชููุน ุงูุนุงูู ุงูุชูุงุกู ุฎูุงู ุงูุณููุงุช ุงููุงุฏูุฉ ูุงููุซูุฑ ูู ุงูุฅุญุตุงุฆูุงุช ุชุฏุนู ูุฐุง ุงูุงุฏุนุงุกุ ููู ููุงู ุงุฏุนุงุก ูุฎุงููุ ุฃู ุงูููุท ูุฑุฉ ุจุนุฏ ุงูุฃุฎุฑู ุชุฒุฏุงุฏ ููุชู ูุงูุชุงุฑูุฎ ูุญุชู ุงูููุทู ูุฏู ุนูู ุฐูู. \r\n\r\nุถููู ูู ูุฐู ุงูุญููุฉ ุฃูุณ ุงูุญุฌู ุงูุฎุจูุฑ ูู ุฃุณูุงู ุงูุทุงูุฉ ูุฏุนู ุงูุฑุฃู ุงูุซุงููุ ููุฑู ุจุฃู ุชุฎูู ุงูุนุงูู ุนู ุงูููุท ููุณุช ุฅูุง ูุจุงูุบุงุช ุฅุนูุงููุฉ! ูุฃู ุงูุชุบูุฑ ุงูููุงุฎู ุฃูุฑ ุทุจูุนู! ุฅุฐู ููุงุฐุง ุชุฏูุน ุงูุญูููุงุช ูุจุงูุบ ุทุงุฆูุฉ ููุญุฏ ูููุ\r\n\r\nููุง ูุญุฏุซูุง ุนู ุญูููุฉ ุชุงุฑูุฎ ุงูููุท ููุณุชูุจููุ ููููู ุฅู ุงูุดุฑูุงุช ุงูููุทูุฉ ุงููุจุฑู ูุดุฃุช ุจุงูุตุฏูุฉุ ูุฅู ุงูุชุงุฑูุฎ ุงูุฐู ุชุณุฑุฏู ุฃูุฑููุง ูุฒูู! ููุง ุฅู ุงูุฅุนูุงู ูุจุงูุบ ูู ุถุฑูุฑุฉ ุฅูุฌุงุฏ ุจุฏุงุฆู ููููุท.\r\n\r\nููุงุฐุง ุนู ุงูุณูุงุฑุงุช ุงูููุฑุจุงุฆูุฉุ ูู ุชุนุฏ ุญููุง ูููุฑุฉ ููุทุงูุฉุ ุฃู ุชุณุชููู ุงูุทุงูุฉ ุฃูุซุฑุ ููุง ูุณุชูุจู ุงูุทุงูุฉุ ููู ุญููุง ุนูููุง ุฅูุฌุงุฏ ุจุฏุงุฆู ููููุทุ ูุงูุบุงุฒ ูุซููุงุููุง ุงูุทุงูุฉ ุงูููุฏุฑูุฌูููุฉุ ููุง ุญูููุฉ ุงูุทุงูุฉ ุงูููููุฉุ ', 'https://i.ytimg.com/vi/1I55LHgOkYs/hqdefault.jpg?sqp=-oaymwEbCKgBEF5IVfKriqkDDggBFQAAiEIYAXABwAEG&rs=AOn4CLAHmAXTS4ypURHJFSWo52sakanu_g', '2024-06-19', '<iframe width=\"640\" height=\"360\" src=\"https://www.youtube.com/embed/1I55LHgOkYs?list=PLeNNUmE-BlnEls2kOkiV2CXMezV6oaq8I\" title=\"ููู ุณูุชุฎูู ุงูุนุงูู ุนู ุงูููุท | ุจูุฏูุงุณุช ููุฌุงู\" frameborder=\"0\" allow=\"accelerometer; autoplay; clipboard-write; encrypted-media; gyroscope; picture-in-picture; web-share\" referrerpolicy=\"strict-origin-when-cross-origin\" allowfullscreen></iframe>'),
(34, 5, 'ุธุงูุฑุฉ ุดุจุงุจ ุงูุจููุจ ูููุตู ุงูุนูุณู | ุจูุฏูุงุณุช ููุฌุงู\r\n', 'ูุณูุณู ุดุจุงุจ ุงูุจููุจ ุธุงูุฑุฉ ูุง ููููู ุชุฌุงูููุงุ ุณูุงุกู ุฃุนุฌุจู ุงููุณูุณู ุฃู ูุงุ ูุฐุง ููุถูุน ุขุฎุฑ. ุญูู ุงููุณูุณู ูุฌุงุญูุง ูุจูุฑูุงุ ูุฃุซุฑ ูู ุงูุฃุทูุงู ูุงููุฑุงููููุ ุจุงูุฅุถุงูุฉ ุฅูู ูุดุงูุฏุงุชู ุงูููููููุฉ. \r\n\r\nููุฐ ุจุฏุงูุชู ูุจู ุงุซูุชู ุนุดุฑุฉ ุณูุฉ ููู ููุงุฌู ุงูููุฏ ูุงููุฌูู ุงููุงุฐุนุ ุฑุบู ูุง ุญููู ูู ูุฌุงุญ. ูุฑุฑุช ุงุณุชุถุงูุฉ ููุชุฌู ูููุซูู ููุตู ุงูุนูุณู ููุณูุน ููู ุนู ูุฐู ุงูุธุงูุฑุฉ ุงูุบุฑูุจุฉุ ูููุงููุณ ุงูุนูู ูุณุฑ ุฎูุทุฉ ูุฌุงุญ ุดุจุงุจ ุงูุจููุจ.\r\n\r\nูุง ูุงุฌุฃูู ุดุฎุตููุง ุฃู ููุตู ูุนูู ููุนุงูุฌ ููู ูู ูุณุชุดูู ุงูุฃูู (ุฅุฑุงุฏุฉ) ููุฃูุฑุงุถ ุงูููุณูุฉ ููุนุงูุฌุฉ ุงูุฅุฏูุงู ููุฐู ุฎูุณุฉ ุนุดุฑ ุนุงููุงุ ูุชููุฆุฉ ุงููุฑุถู ุงูููุณููู ูุงููุฏูููู ููุง ูุจู ุงูุนูุงุฌ. ูุงูุบุฑูุจ ุฃู ููุตู ูุชูุณู ุจูุฐู ุงููุธููุฉุ ุนูู ุงูุฑุบู ูู ูู ูุง ุญููู.\r\n\r\nููู ูุงูุช ุจุฏุงูุงุช ุญูุงุฉ ููุตู ุงููููุฉ ูุจู ุดุจุงุจ ุงูุจููุจุ ุชุฌุฑุจุชู ูู ุทุงุดุ ูู ุฃูู ุฌุงุกุช ููุฑุฉ ุดุจุงุจ ุงูุจููุจุ ููุงุฐุง ุงูุชูู ุงููุณูุณู ุฅูู ุฑูุชุงูุง ุจุนุฏูุง ูุงู ููุนุฑุถ ุนูู ุงูุชููุฒููู ุงูุณุนูุฏูุ ููู ุชุนุงูู ูุน ุงูุตูุฑุฉ ุงูููุทูุฉ ุนู ุงููุณูุณู ูุงููุฌูู ุงูุฐู ุทุงููุ\r\n\r\nูููู ุงูุนูุณู: ุดุจุงุจ ุงูุจููุจ ุนูู ูุดุจู ุงููุฌุชูุน ุงูุณุนูุฏูุ ููุง ุฃูุชูุช ุฅูู ูุฐู ุงูุงูุชูุงุฏุงุชุ ูุง ููููู ูู ุฌูููุฑู ููุญุจููุ ุงููุฑุงูููู ูู ุงููุฑุญูุฉ ุงูุงุจุชุฏุงุฆูุฉ ูุญุชู ุงูุซุงูููุฉุ ููุง ุจุฃุณ ูู ุฃู ุดุจุงุจ ุงูุจููุจ ูุง ูุนุฌุจููุ ุงูููู ุฃู ููุนุฌุจ ุฌูููุฑูุ ูุฃูุง ูุณุช ูุฆุชู ุงููุณุชูุฏูุฉ.\r\n', 'https://i.ytimg.com/vi/GMyGyYBBM2M/hqdefault.jpg?sqp=-oaymwEbCKgBEF5IVfKriqkDDggBFQAAiEIYAXABwAEG&rs=AOn4CLAvULWjpExVHW_WrVWdmUM--rgP-Q', '2024-06-12', '<iframe width=\"640\" height=\"360\" src=\"https://www.youtube.com/embed/GMyGyYBBM2M?list=PLeNNUmE-BlnEls2kOkiV2CXMezV6oaq8I\" title=\"ุธุงูุฑุฉ ุดุจุงุจ ุงูุจููุจ ูููุตู ุงูุนูุณู | ุจูุฏูุงุณุช ููุฌุงู\" frameborder=\"0\" allow=\"accelerometer; autoplay; clipboard-write; encrypted-media; gyroscope; picture-in-picture; web-share\" referrerpolicy=\"strict-origin-when-cross-origin\" allowfullscreen></iframe>'),
(35, 5, 'ููู ุชูุชุฒู ุจุงููุงุฏู ูุชุชูุฑู ุจุณูููุฉ | ุจูุฏูุงุณุช ููุฌุงู\r\n', 'ูููููู: ูู ุฃูู ุงูุฃุดูุงุก ุงูุชู ุชุฎููู ุชุฎุณุฑ ูุฒูู ุฃู ุชุฒูุฏู ุงูุชูุงุฑูู ุงูุฑูุงุถูุฉุ ูููู ุณุชุณูุน ุงููุซูุฑ ูู ยซูุง ุนูุฑู ุฑุญุช ุงููุงุฏู ูุงุณุชูุฏุชยป. ูุฐุง ุบูุฑ ุงูุฐูู ูุณุฌููู ูู ุงููุงุฏู ููุง ูุฐูุจูู. ููุง ูุดููุฉ ุงูููุงุฏู ุงูุฑูุงุถูุฉุ ูููุด ูุง ููุฏุฑ ููุชุฒูุ\r\n\r\nุณูุงุกู ุฃุฐูุจุช ุฃู ูุงุ ุงููุดููุฉ ุฃูู ูุง ุชุนุฑู ูุด ุงูุญู ููุง ุชุนุฑู ูู ุงููุดููุฉ ูู ุชูุงุฑููู ุฃู ูุฏุฑุจู. ูุฐูู ุงุณุชุถูุช ูู ูุฐู ุงูุญููุฉ ูุญููุฏ ุนุฒ ุฃุฎุตุงุฆู ุงูููุงูุฉ ูุงููุฏุฑุจ ุดุฎุตู ูุฃูุซุฑ ูู 15 ุณูุฉ.\r\n\r\nุฅุฐุง ูู ูุญุฏุซ ุฃู ุชุบููุฑ ููู ูุนูู ูุฐุง ุฃู ููุงู ุฎุทุฃุ ูููู ุฃุนุฑู ุงููุดููุฉ ูู ุชูุงุฑูููุ ูุฃุณุนุงุฑ ุงููุฏุฑุจูู ูุฑุชูุนุฉุ ููู ุฃุชูุฑู ุจููุณู ุฃู ูุง ุจูุฏ ูู ูุฌูุฏ ูุฏุฑุจุ \r\n\r\nูู ุงูุจุฏุงูุฉ ุนุงุฑุถ ุถููู ููุฑุฉ ุฃุฎุฐ ุงูุชูุงุฑูู ูู ุงูุฅูุชุฑูุชุ ููู ุฃุดุจู ุจุงูููุงูุฑุฉ: ุชุตูุจ ูุฑุฉ ูุชุฎูุจ ูุฑุงุช. ููุคูุฏ ุฃูููุฉ ุฃู ูููู ูุฏูู ูุฏุฑุจ ุดุฎุตู. ูููู ุฃุนุฑู ุงููุฏุฑุจ ุงูุฌููุฏุ ูููู ุฃุนุฑู ุฃู ูุฐู ุงูุชูุงุฑูู ุชูุงุณุจููุ \r\n\r\nูุฏู ุนุฒ ุทุฑุงุฆูู ุงูุฎุงุตุฉ ูู ุฌุนู ุงูุฑูุงุถุฉ ููุท ุญูุงุฉุ ูุงูุงูุชุฒุงู ุจุงููุงุฏูุ ูุจุฃู ุงูุชูุงุฑูู ุชูุชู ููุชูุ ูุชูููุฉ ุงูุนุถูุงุชุ ูุฃู ุงูููููุงุช ุงูุบุฐุงุฆูุฉ ุชูุงุณุจูุ ููู ูุคูุฏ ุฃูููุชูุงุ ููุง ูุญุฐูุฑ ูู ุงููุฑูููุงุช ููุฏุฑุชูุง ุนูู ุชุฏููุฑ ุตุญุฉ ุงูุฅูุณุงู.\r\n\r\n-', 'https://i.ytimg.com/vi/06ovyUh2iWU/hqdefault.jpg?sqp=-oaymwEbCKgBEF5IVfKriqkDDggBFQAAiEIYAXABwAEG&rs=AOn4CLD8Xl3DORs8k075XrwVFmFLyH1nSQ', '2024-06-05', '<iframe width=\"640\" height=\"360\" src=\"https://www.youtube.com/embed/06ovyUh2iWU?list=PLeNNUmE-BlnEls2kOkiV2CXMezV6oaq8I\" title=\"ููู ุชูุชุฒู ุจุงููุงุฏู ูุชุชูุฑู ุจุณูููุฉ | ุจูุฏูุงุณุช ููุฌุงู\" frameborder=\"0\" allow=\"accelerometer; autoplay; clipboard-write; encrypted-media; gyroscope; picture-in-picture; web-share\" referrerpolicy=\"strict-origin-when-cross-origin\" allowfullscreen></iframe>'),
(36, 8, 'ููุถุฉ ุงูุชุฎูู | ุจูุฏูุงุณุช ูุฏูุก\r\n', 'ุธูุฑุช ุจุดูู ูุชุฏุฑุฌ ูุณูุณุ ุฑูุฌ ููุง ุงูุจุนุถ ูุชูุงุฎุฑูุง ุจูุงุ ูุงุนุชูุฏ ูููุง ุขุฎุฑูู ูุฑุจุทููุง ุจุงูุตูุงุจุฉ ุงูููุณูุฉ ูุงููุถุฌ: ููุถุฉ ุงููุฏุงุนุงุช ูุงูุงุณุชุนุฏุงุฏ ูููุบุงุฏุฑุฉ!\r\n', 'https://www.youtube.com/watch?v=38HUDiQ-9pQ&list=PLdDw-NyVFhQN1J5UgLDklr0pbOHalIGS1&index=1&pp=iAQB', '2023-12-12', '<iframe width=\"640\" height=\"360\" src=\"https://www.youtube.com/embed/38HUDiQ-9pQ?list=PLdDw-NyVFhQN1J5UgLDklr0pbOHalIGS1\" title=\"ููุถุฉ ุงูุชุฎูู | ุจูุฏูุงุณุช ูุฏูุก\" frameborder=\"0\" allow=\"accelerometer; autoplay; clipboard-write; encrypted-media; gyroscope; picture-in-picture; web-share\" referrerpolicy=\"strict-origin-when-cross-origin\" allowfullscreen></iframe>'),
(37, 8, 'ุงูุญูุงุฉ ูู ุงูุดููู | ุจูุฏูุงุณุช ูุฏูุก\r\n', 'ุญููุฉ ูุฏููุฉ ูุฃูู ูุงูุชูุง ุชุนููุจุงู ุนูู ูุตุฉ ูุฃุณุงููุฉ ููุชูุจุฉ ูู ุตุญููุฉ ููููุฉุ ุชูุงุฏ ูุง ุชูุงุฑููู ูุฃูุง ุฃููุฑ ูู ุญูุงูุฉ ุฎุงูุฏ. ุงูููุชุงุช ุนูู ุงูุดููู! \r\n', 'https://i.ytimg.com/vi/eXiV9MVkqyg/hqdefault.jpg?sqp=-oaymwEbCKgBEF5IVfKriqkDDggBFQAAiEIYAXABwAEG&rs=AOn4CLCgPHkIHImOZpMDWsclm0A4QRLUNA', '2023-10-01', '<iframe width=\"640\" height=\"360\" src=\"https://www.youtube.com/embed/eXiV9MVkqyg?list=PLdDw-NyVFhQN1J5UgLDklr0pbOHalIGS1\" title=\"ุงูุญูุงุฉ ูู ุงูุดููู | ุจูุฏูุงุณุช ูุฏูุก\" frameborder=\"0\" allow=\"accelerometer; autoplay; clipboard-write; encrypted-media; gyroscope; picture-in-picture; web-share\" referrerpolicy=\"strict-origin-when-cross-origin\" allowfullscreen></iframe>'),
(38, 8, 'ูุฎ ุงูุชุนุงูุด | ุจูุฏูุงุณุช ูุฏูุก\r\n', 'ููุฌุฏุช ุฑุณุงูุฉ ูู ุฏูู ุนููุงู ููุง ุชุงุฑูุฎ ูู ุญููุจุชูุ ูููู ูููุง: ุฃุณูุฃ ูุง ูุฏ ููุชุณุจู ูู ุทุจุงุน ูู ุงูุชุนุงูุด! ูุฃู ุชุนุงูุด ููุตุฏุ\r\n', 'https://i.ytimg.com/vi/IIDE7WkxxxY/hqdefault.jpg?sqp=-oaymwEbCKgBEF5IVfKriqkDDggBFQAAiEIYAXABwAEG&rs=AOn4CLCpwNUXGV7o6eQrDZHjhJrG3vpJ4w', '2023-09-11', '<iframe width=\"640\" height=\"360\" src=\"https://www.youtube.com/embed/IIDE7WkxxxY?list=PLdDw-NyVFhQN1J5UgLDklr0pbOHalIGS1\" title=\"ูุฎ ุงูุชุนุงูุด | ุจูุฏูุงุณุช ูุฏูุก\" frameborder=\"0\" allow=\"accelerometer; autoplay; clipboard-write; encrypted-media; gyroscope; picture-in-picture; web-share\" referrerpolicy=\"strict-origin-when-cross-origin\" allowfullscreen></iframe>'),
(39, 8, 'ููุญุชุฑู ุงูุฎุณุงุฑุฉ | ุจูุฏูุงุณุช ูุฏูุก\r\n', 'ุจูู ุฎุณุงุฑุงุช ุตุบูุฑุฉ ุฃูุณุงูุง ูู ููููุง ุงูุชุงูู ูุฎุณุงุฑุงุช ูุจูุฑุฉ ุณุจุจุชูุง ูุบุงูุฑุงุชู ูุจุฑุนุช ูู ุงุณุชูุจุงููุงุ ุฃุทููุช ุนูู ููุณู: ูุญุชุฑู ุงูุฎุณุงุฑุฉ!\r\n', 'https://i.ytimg.com/vi/tLlybpymato/hqdefault.jpg?sqp=-oaymwEbCKgBEF5IVfKriqkDDggBFQAAiEIYAXABwAEG&rs=AOn4CLA2ktDvSq5fQS5vKACyylx7IcugHQ', '2023-09-03', '<iframe width=\"640\" height=\"360\" src=\"https://www.youtube.com/embed/tLlybpymato?list=PLdDw-NyVFhQN1J5UgLDklr0pbOHalIGS1\" title=\"ููุญุชุฑู ุงูุฎุณุงุฑุฉ | ุจูุฏูุงุณุช ูุฏูุก\" frameborder=\"0\" allow=\"accelerometer; autoplay; clipboard-write; encrypted-media; gyroscope; picture-in-picture; web-share\" referrerpolicy=\"strict-origin-when-cross-origin\" allowfullscreen></iframe>'),
(40, 8, 'ุชูุงูุค | ุจูุฏูุงุณุช ูุฏูุก\r\n', 'ูุงููู ููุจุฏุฃ ูุฏุฏุช ูู ุฃุฏุฑูุชู ูุฏููุงูุ ูุจู ุฃู ุฃููุถ ุดุนูุฑุงู ู ุชูุฏุฏุงู ููุจู ุฃู ุฃุบุฑู ูู ุงูุฃุณุฆูุฉ ุนู ูุง ุจุฏูุงุฎู ุงูุขุฎุฑูู.\r\n', 'https://i.ytimg.com/vi/GW8KM7T3yi8/hqdefault.jpg?sqp=-oaymwEbCKgBEF5IVfKriqkDDggBFQAAiEIYAXABwAEG&rs=AOn4CLBu4aMajOUaTbu9a-U4Ypop7UBj8w', '2023-08-14', '<iframe width=\"640\" height=\"360\" src=\"https://www.youtube.com/embed/GW8KM7T3yi8?list=PLdDw-NyVFhQN1J5UgLDklr0pbOHalIGS1\" title=\"ุชูุงูุค | ุจูุฏูุงุณุช ูุฏูุก\" frameborder=\"0\" allow=\"accelerometer; autoplay; clipboard-write; encrypted-media; gyroscope; picture-in-picture; web-share\" referrerpolicy=\"strict-origin-when-cross-origin\" allowfullscreen></iframe>'),
(41, 8, 'ูุนูู |ุจูุฏูุงุณุช_ูุฏูุก ูุน ุนูุงู ููุงู\r\n', 'ููุงู ุฃู ุงูุณุนูุฏ ูู ุญูุงุชู ูู ูู ูุฌุฏ ูููุง ุงููุนููุ ููู ููู ูููุฒ ุจูู ุงููุนุงูู ุซู ูุฃูููููุง ุจุนุฏ ุฐููุ\r\n', 'https://i.ytimg.com/vi/mXgavT4tc5g/hqdefault.jpg?sqp=-oaymwEbCKgBEF5IVfKriqkDDggBFQAAiEIYAXABwAEG&rs=AOn4CLAwfsd2oxinoeqg29wf8jW-9o-Ttg', '2023-07-23', '<iframe width=\"640\" height=\"360\" src=\"https://www.youtube.com/embed/mXgavT4tc5g?list=PLdDw-NyVFhQN1J5UgLDklr0pbOHalIGS1\" title=\"ูุนูู | #ุจูุฏูุงุณุช_ูุฏูุก ูุน ุนูุงู ููุงู\" frameborder=\"0\" allow=\"accelerometer; autoplay; clipboard-write; encrypted-media; gyroscope; picture-in-picture; web-share\" referrerpolicy=\"strict-origin-when-cross-origin\" allowfullscreen></iframe>'),
(42, 8, 'ุงูุทุฑูู | #ุจูุฏูุงุณุช_ูุฏูุก ูุน ุนูุงุฑ ููุงู\r\n', 'ุฏุฑูุจ ุงูุญูุงุฉ ูุชุดุงุจูุฉุ ูุชุดุงุจูุฉุ ูุฑุจูุฉ ุฃุญูุงูุงู.. ููู ูุฎุชุงุฑ ุทุฑูููุง ููุน ููุ\r\n', 'https://i.ytimg.com/vi/lsOcygYf6bE/hqdefault.jpg?sqp=-oaymwEbCKgBEF5IVfKriqkDDggBFQAAiEIYAXABwAEG&rs=AOn4CLBw1ZFqpDSCd6YAr0BCNoyZP3YsLg', '2023-07-09', '<iframe width=\"640\" height=\"360\" src=\"https://www.youtube.com/embed/lsOcygYf6bE?list=PLdDw-NyVFhQN1J5UgLDklr0pbOHalIGS1\" title=\"ุงูุทุฑูู | #ุจูุฏูุงุณุช_ูุฏูุก  ูุน ุนูุงุฑ ููุงู\" frameborder=\"0\" allow=\"accelerometer; autoplay; clipboard-write; encrypted-media; gyroscope; picture-in-picture; web-share\" referrerpolicy=\"strict-origin-when-cross-origin\" allowfullscreen></iframe>'),
(43, 8, 'ุฑุฏูุฉ ูุนู | ุจูุฏูุงุณุช ูุฏูุก ูุน ุนูุงุฑ ููุงู\r\n', 'ุญูู ุชูุงุจููุง ุงูููุงูู ุงูุงุนุชูุงุฏูุฉ ููุฌุงุจููุง ุจุฏูุงุฎููุง ุงููุชูุฏุฉ ุฃู ูุงุถููุง ุงููุคุซุฑ ุฃู ุตูุชูุง ุบูุฑ ุงูููููู.. ูููู ูู ุฎุงูุฉ ุฑุฏุฉ ุงููุนู ุงูุชู ูุญุงูู ุชูุณูุฑูุง ูู ูุณุงุญุชูุง ุจุดูุก ูู ุงูููุณูุฉ\r\n', 'https://i.ytimg.com/vi/cw-JuX5p2Pw/hqdefault.jpg?sqp=-oaymwEbCKgBEF5IVfKriqkDDggBFQAAiEIYAXABwAEG&rs=AOn4CLDMfiFK3jhFUivNQavi33Md47doRA', '2023-06-11', '<iframe width=\"640\" height=\"360\" src=\"https://www.youtube.com/embed/cw-JuX5p2Pw?list=PLdDw-NyVFhQN1J5UgLDklr0pbOHalIGS1\" title=\"ุฑุฏูุฉ ูุนู | ุจูุฏูุงุณุช ูุฏูุก ูุน ุนูุงุฑ ููุงู\" frameborder=\"0\" allow=\"accelerometer; autoplay; clipboard-write; encrypted-media; gyroscope; picture-in-picture; web-share\" referrerpolicy=\"strict-origin-when-cross-origin\" allowfullscreen></iframe>');

-- --------------------------------------------------------

--
-- Table structure for table `quran_verses`
--

CREATE TABLE `quran_verses` (
  `id` int(11) NOT NULL,
  `verse` text NOT NULL
) ENGINE=InnoDB DEFAULT CHARSET=utf8mb4 COLLATE=utf8mb4_general_ci;

--
-- Dumping data for table `quran_verses`
--

INSERT INTO `quran_verses` (`id`, `verse`) VALUES
(1, 'ุจูุณููู ุงูููููู ุงูุฑููุญููููฐูู ุงูุฑููุญูููู ๏ดฟ ูฑููุญูููุฏู ููููููู ุฑูุจูู ูฑููุนูููฐููููููู ๏ดพ ๏ดฟ ูฑูุฑููุญูููููฐูู ูฑูุฑููุญูููู ๏ดพ ๏ดฟ ููููฐูููู ูููููู ูฑูุฏููููู ๏ดพ ๏ดฟ ุฅููููุงูู ููุนูุจูุฏู ููุฅููููุงูู ููุณูุชูุนูููู ๏ดพ ๏ดฟ ูฑููุฏูููุง ูฑูุตููุฑููฐุทู ูฑููููุณูุชูููููู ๏ดพ ๏ดฟ ุตูุฑููฐุทู ูฑูููุฐูููู ุฃูููุนูููุชู ุนููููููููู ุบูููุฑู ูฑููููุบูุถููุจู ุนููููููููู ููููุง ูฑูุถููุงููููููู ๏ดพ (ุงููุงุชุญุฉ)'),
(2, 'ุจูุณููู ุงูููููู ุงูุฑููุญููููฐูู ุงูุฑููุญูููู ๏ดฟ ูููู ูููู ูฑูููููู ุฃูุญูุฏู ๏ดพ ๏ดฟ ูฑูููููู ูฑูุตููููุฏู ๏ดพ ๏ดฟ ูููู ููููุฏู ูููููู ูููููุฏู ๏ดพ ๏ดฟ ูููููู ููููู ูููููฅ ููููููุง ุฃูุญูุฏู ๏ดพ (ุงูุฅุฎูุงุต)'),
(3, 'ุจูุณููู ุงูููููู ุงูุฑููุญููููฐูู ุงูุฑููุญูููู ๏ดฟ ูููู ุฃูุนููุฐู ุจูุฑูุจูู ูฑูููููููู ๏ดพ ๏ดฟ ููู ุดูุฑูู ููุง ุฎููููู ๏ดพ ๏ดฟ ููููู ุดูุฑูู ุบูุงุณููู ุฅูุฐูุง ููููุจู ๏ดพ ๏ดฟ ููููู ุดูุฑูู ูฑูููููููููฐุซูููฐุชู ููู ูฑููุนูููุฏู ๏ดพ ๏ดฟ ููููู ุดูุฑูู ุญูุงุณูุฏู ุฅูุฐูุง ุญูุณูุฏู ๏ดพ (ุงูููู)'),
(4, 'ุจูุณููู ุงูููููู ุงูุฑููุญููููฐูู ุงูุฑููุญูููู ๏ดฟ ูููู ุฃูุนููุฐู ุจูุฑูุจูู ูฑููููุงุณู ๏ดพ ๏ดฟ ูููููู ูฑููููุงุณู ๏ดพ ๏ดฟ ุฅูููููฐูู ูฑููููุงุณู ๏ดพ ๏ดฟ ููู ุดูุฑูู ูฑููููุณูููุงุณู ูฑููุฎููููุงุณู ๏ดพ ๏ดฟ ูฑูููุฐูู ููููุณูููุณู ููู ุตูุฏููุฑู ูฑููููุงุณู ๏ดพ ๏ดฟ ูููู ูฑููุฌููููุฉู ูููฑููููุงุณู ๏ดพ (ุงููุงุณ)'),
(5, 'ุจูุณููู ุงูููููู ุงูุฑููุญููููฐูู ุงูุฑููุญูููู ๏ดฟ ุชูุจููุชู ููุฏูุงู ุฃูุจูู ููููุจู ููุชูุจูู ๏ดพ ๏ดฟ ููุงู ุฃูุบูููููฐ ุนููููู ููุงููููฅ ููููุง ููุณูุจู ๏ดพ ๏ดฟ ุณูููุตูููููฐ ููุงุฑูุง ุฐูุงุชู ููููุจู ๏ดพ ๏ดฟ ูููฑููุฑูุฃูุชูููฅ ุญููููุงููุฉู ูฑููุญูุทูุจู ๏ดพ ๏ดฟ ููู ุฌููุฏูููุง ุญูุจูููญ ูููู ูููุณูุฏูญ ๏ดพ (ุงููุณุฏ)'),
(6, 'ุจูุณููู ุงูููููู ุงูุฑููุญููููฐูู ุงูุฑููุญูููู ๏ดฟ ุฅููููุงู ุฃูุนูุทูููููููฐูู ูฑููููููุซูุฑู ๏ดพ ๏ดฟ ููุตูููู ููุฑูุจูููู ูููฑููุญูุฑู ๏ดพ ๏ดฟ ุฅูููู ุดูุงููุฆููู ูููู ูฑููุฃูุจูุชูุฑู ๏ดพ (ุงูููุซุฑ)'),
(7, 'ุจูุณููู ุงูููููู ุงูุฑููุญููููฐูู ุงูุฑููุญูููู ๏ดฟ ูููู ููููฐูุฃููููููุง ูฑููููููฐููุฑูููู ๏ดพ ๏ดฟ ููุงู ุฃูุนูุจูุฏู ููุง ุชูุนูุจูุฏูููู ๏ดพ ๏ดฟ ููููุงู ุฃููุชููู ุนูููฐุจูุฏูููู ููุงู ุฃูุนูุจูุฏู ๏ดพ ๏ดฟ ููููุงู ุฃูููุง ุนูุงุจูุฏูญ ูููุง ุนูุจูุฏุชูููู ๏ดพ ๏ดฟ ููููุงู ุฃููุชููู ุนูููฐุจูุฏูููู ููุงู ุฃูุนูุจูุฏู ๏ดพ ๏ดฟ ูููููู ุฏูููููููู ูููููู ุฏูููู ๏ดพ (ุงููุงูุฑูู)'),
(8, 'ุจูุณููู ุงูููููู ุงูุฑููุญููููฐูู ุงูุฑููุญูููู ๏ดฟ ุงูููู ๏ดพ ๏ดฟ ุฐููฐูููู ูฑููููุชูููฐุจู ููุง ุฑูููุจู  ููููู  ููุฏูญู ูููููููุชููููููู ๏ดพ ๏ดฟ ูฑูููุฐูููู ููุคูููููููู ุจููฑููุบูููุจู ูููููููููููู ูฑูุตููููููฐุฉู ูููููููุง ุฑูุฒูููููููฐูููู ูููููููููู ๏ดพ ๏ดฟ ูููฑูููุฐูููู ููุคูููููููู ุจูููุงู ุฃููุฒููู ุฅููููููู ููููุงู ุฃููุฒููู ููู ููุจููููู ููุจููฑูููููุงุฎูุฑูุฉู ูููู ูููููููููู ๏ดพ ๏ดฟ ุฃููููููฐูุฆููู ุนูููููฐ ููุฏูญู ูููู ุฑููุจูููููู  ููุฃููููููฐูุฆููู ูููู ูฑููููููููุญูููู ๏ดพ ๏ดฟ ุฅูููู ูฑูููุฐูููู ููููุฑููุงู ุณูููุงูุกู ุนููููููููู ุกูุฃููุฐูุฑูุชููููู ุฃููู ูููู ุชููุฐูุฑููููู ููุง ููุคูููููููู ๏ดพ ๏ดฟ ุฎูุชููู ูฑูููููู ุนูููููฐ ูููููุจููููู ููุนูููููฐ ุณูููุนููููู  ููุนูููููฐู ุฃูุจูุตูููฐุฑููููู ุบูุดูููฐููุฉูญ  ูููููููู ุนูุฐูุงุจู ุนูุธูููู ๏ดพ ๏ดฟ ูููููู ูฑููููุงุณู ููู ููููููู ุกูุงูููููุง ุจููฑูููููู ููุจููฑูููููููู ูฑูููููุงุฎูุฑู ููููุง ููู ุจูููุคูููููููู ๏ดพ (ุงูุจูุฑุฉ: 1-8)'),
(9, '๏ดฟ ููุฎูููฐุฏูุนูููู ูฑูููููู ูููฑูููุฐูููู ุกูุงูููููุงู ููููุง ููุฎูุฏูุนูููู ุฅููููุงู ุฃููููุณููููู ููููุง ููุดูุนูุฑูููู ๏ดพ ๏ดฟ ููู ูููููุจูููู ูููุฑูุถูญ ููุฒูุงุฏููููู ูฑูููููู ููุฑูุถูญุง  ูููููููู ุนูุฐูุงุจู ุฃููููููข ุจูููุง ููุงูููุงู ููููุฐูุจูููู ๏ดพ ๏ดฟ ููุฅูุฐูุง ููููู ูููููู ููุง ุชูููุณูุฏููุงู ููู ูฑููุฃูุฑูุถู ููุงููููุงู ุฅููููููุง ููุญููู ููุตูููุญูููู ๏ดพ ๏ดฟ ุฃูููุงู ุฅูููููููู ูููู ูฑููููููุณูุฏูููู ููููููฐููู ูููุง ููุดูุนูุฑูููู ๏ดพ ๏ดฟ ููุฅูุฐูุง ููููู ูููููู ุกูุงูููููุงู ููููุงู ุกูุงูููู ูฑููููุงุณู ููุงููููุงู ุฃูููุคููููู ููููุงู ุกูุงูููู ูฑูุณููููููุงูุกู  ุฃูููุงู ุฅูููููููู ูููู ูฑูุณููููููุงูุกู ููููููฐููู ูููุง ููุนูููููููู ๏ดพ ๏ดฟ ููุฅูุฐูุง ูููููุงู ูฑูููุฐูููู ุกูุงูููููุงู ููุงููููุงู ุกูุงูููููุง ููุฅูุฐูุง ุฎูููููุงู ุฅูููููฐ ุดูููููฐุทูููููููู ููุงููููุงู ุฅููููุง ููุนููููู ุฅููููููุง ููุญููู ููุณูุชูููุฒูุกูููู ๏ดพ ๏ดฟ ูฑูููููู ููุณูุชูููุฒูุฆู ุจููููู ููููููุฏูููููู ููู ุทูุบูููููฐูููููู ููุนูููููููู ๏ดพ ๏ดฟ ุฃููููููฐูุฆููู ูฑูููุฐูููู ูฑุดูุชูุฑูููุงู ูฑูุถููููููฐููุฉู ุจููฑููููุฏูููฐ ููููุง ุฑูุจูุญูุช ุชููุฌูููฐุฑูุชููููู ููููุง ููุงูููุงู ููููุชูุฏูููู ๏ดพ (ุงูุจูุฑุฉ: 9-16)'),
(10, 'ุจูุณููู ุงูููููู ุงูุฑููุญููููฐูู ุงูุฑููุญูููู ๏ดฟ ุทุณูู  ุชููููู ุกูุงููููฐุชู ูฑููููุฑูุกูุงูู ููููุชูุงุจูข ูููุจููููข ๏ดพ ๏ดฟ ููุฏูญู ููุจูุดูุฑูููฐ ููููููุคูููููููู ๏ดพ ๏ดฟ ูฑูููุฐูููู ูููููููููู ูฑูุตููููููฐุฉู ููููุคูุชูููู ูฑูุฒููููููฐุฉู ููููู ุจููฑูููููุงุฎูุฑูุฉู ูููู ูููููููููู ๏ดพ ๏ดฟ ุฅูููู ูฑูููุฐูููู ููุง ููุคูููููููู ุจููฑูููููุงุฎูุฑูุฉู ุฒูููููููุง ูููููู ุฃูุนูููููฐูููููู ูููููู ููุนูููููููู ๏ดพ ๏ดฟ ุฃููููููฐูุฆููู ูฑูููุฐูููู ูููููู ุณูููุกู ูฑููุนูุฐูุงุจู ูููููู ููู ูฑูููููุงุฎูุฑูุฉู ูููู ูฑููุฃูุฎูุณูุฑูููู ๏ดพ ๏ดฟ ููุฅูููููู ููุชููููููู ูฑููููุฑูุกูุงูู ููู ูููุฏููู ุญูููููู ุนูููููู ๏ดพ ๏ดฟ ุฅูุฐู ููุงูู ูููุณูููฐ ููุฃูููููููฆู ุฅูููููู ุกูุงููุณูุชู ููุงุฑูญุง ุณููููุงุชููููู ูููููููุง ุจูุฎูุจูุฑู ุฃููู ุกูุงุชููููู ุจูุดูููุงุจูข ููุจูุณูข ูููุนูููููููู ุชูุตูุทูููููู ๏ดพ ๏ดฟ ูููููููุง ุฌูุงูุกูููุง ูููุฏููู ุฃููข ุจููุฑููู ููู ููู ูฑููููุงุฑู ูููููู ุญูููููููุง ููุณูุจูุญูููฐูู ูฑูููููู ุฑูุจูู ูฑููุนูููฐููููููู ๏ดพ ๏ดฟ ููููฐูููุณูููฐู ุฅููููููฅู ุฃูููุง ูฑูููููู ูฑููุนูุฒููุฒู ูฑููุญูููููู ๏ดพ ๏ดฟ ููุฃููููู ุนูุตูุงูู  ูููููููุง ุฑูุกูุงููุง ุชูููุชูุฒูู ููุฃููููููุง ุฌูุงููููญ ูููููููฐ ููุฏูุจูุฑูญุง ูููููู ููุนููููุจู  ููููฐูููุณูููฐ ููุง ุชูุฎููู ุฅููููู ููุง ููุฎูุงูู ููุฏูููู ูฑููููุฑูุณูููููู ๏ดพ ๏ดฟ ุฅููููุง ููู ุธููููู ุซูููู ุจูุฏูููู ุญูุณูููญุง ุจูุนูุฏู ุณูููุกูข ููุฅููููู ุบููููุฑูญ ุฑููุญููููญ ๏ดพ (ุงูููู: 1-11)');

-- --------------------------------------------------------

--
-- Table structure for table `topics`
--

CREATE TABLE `topics` (
  `id` int(11) NOT NULL,
  `user_id` int(11) DEFAULT NULL,
  `topic` varchar(255) DEFAULT NULL
) ENGINE=InnoDB DEFAULT CHARSET=utf8mb4 COLLATE=utf8mb4_general_ci;

--
-- Dumping data for table `topics`
--

INSERT INTO `topics` (`id`, `user_id`, `topic`) VALUES
(113, 34, 'ุงูุฃุฏุนูุฉ ูุงูุฃุฐูุงุฑ'),
(114, 34, 'ุงููุฑุฏ ุงููููู ูู ุงููุฑุขู'),
(115, 35, 'ุงูุฃุฏุนูุฉ ูุงูุฃุฐูุงุฑ'),
(116, 35, 'ุงููุฑุฏ ุงููููู ูู ุงููุฑุขู');

-- --------------------------------------------------------

--
-- Table structure for table `users`
--

CREATE TABLE `users` (
  `id` int(11) NOT NULL,
  `email` varchar(255) NOT NULL,
  `subscribed_at` timestamp NOT NULL DEFAULT current_timestamp()
) ENGINE=InnoDB DEFAULT CHARSET=utf8mb4 COLLATE=utf8mb4_general_ci;

--
-- Dumping data for table `users`
--

INSERT INTO `users` (`id`, `email`, `subscribed_at`) VALUES
(34, 'youssefelsabbahy12@gmail.com', '2024-06-29 11:51:39'),
(35, 'tasneemahmed2112005@gmail.com', '2024-06-29 11:52:40');

--
-- Indexes for dumped tables
--

--
-- Indexes for table `admins`
--
ALTER TABLE `admins`
  ADD PRIMARY KEY (`id`);

--
-- Indexes for table `azkar`
--
ALTER TABLE `azkar`
  ADD PRIMARY KEY (`id`);

--
-- Indexes for table `daily_verses`
--
ALTER TABLE `daily_verses`
  ADD PRIMARY KEY (`id`);

--
-- Indexes for table `messages`
--
ALTER TABLE `messages`
  ADD PRIMARY KEY (`id`);

--
-- Indexes for table `podcasts`
--
ALTER TABLE `podcasts`
  ADD PRIMARY KEY (`id`);

--
-- Indexes for table `podcast_episodes`
--
ALTER TABLE `podcast_episodes`
  ADD PRIMARY KEY (`id`),
  ADD KEY `podcast_id` (`podcast_id`);

--
-- Indexes for table `quran_verses`
--
ALTER TABLE `quran_verses`
  ADD PRIMARY KEY (`id`);

--
-- Indexes for table `topics`
--
ALTER TABLE `topics`
  ADD PRIMARY KEY (`id`),
  ADD KEY `user_id` (`user_id`);

--
-- Indexes for table `users`
--
ALTER TABLE `users`
  ADD PRIMARY KEY (`id`);

--
-- AUTO_INCREMENT for dumped tables
--

--
-- AUTO_INCREMENT for table `admins`
--
ALTER TABLE `admins`
  MODIFY `id` int(11) NOT NULL AUTO_INCREMENT, AUTO_INCREMENT=2;

--
-- AUTO_INCREMENT for table `azkar`
--
ALTER TABLE `azkar`
  MODIFY `id` int(11) NOT NULL AUTO_INCREMENT, AUTO_INCREMENT=19;

--
-- AUTO_INCREMENT for table `daily_verses`
--
ALTER TABLE `daily_verses`
  MODIFY `id` int(11) NOT NULL AUTO_INCREMENT, AUTO_INCREMENT=4;

--
-- AUTO_INCREMENT for table `messages`
--
ALTER TABLE `messages`
  MODIFY `id` int(11) NOT NULL AUTO_INCREMENT, AUTO_INCREMENT=2;

--
-- AUTO_INCREMENT for table `podcasts`
--
ALTER TABLE `podcasts`
  MODIFY `id` int(11) NOT NULL AUTO_INCREMENT, AUTO_INCREMENT=9;

--
-- AUTO_INCREMENT for table `podcast_episodes`
--
ALTER TABLE `podcast_episodes`
  MODIFY `id` int(11) NOT NULL AUTO_INCREMENT, AUTO_INCREMENT=44;

--
-- AUTO_INCREMENT for table `quran_verses`
--
ALTER TABLE `quran_verses`
  MODIFY `id` int(11) NOT NULL AUTO_INCREMENT, AUTO_INCREMENT=11;

--
-- AUTO_INCREMENT for table `topics`
--
ALTER TABLE `topics`
  MODIFY `id` int(11) NOT NULL AUTO_INCREMENT, AUTO_INCREMENT=117;

--
-- AUTO_INCREMENT for table `users`
--
ALTER TABLE `users`
  MODIFY `id` int(11) NOT NULL AUTO_INCREMENT, AUTO_INCREMENT=36;

--
-- Constraints for dumped tables
--

--
-- Constraints for table `podcast_episodes`
--
ALTER TABLE `podcast_episodes`
  ADD CONSTRAINT `podcast_episodes_ibfk_1` FOREIGN KEY (`podcast_id`) REFERENCES `podcasts` (`id`);

--
-- Constraints for table `topics`
--
ALTER TABLE `topics`
  ADD CONSTRAINT `topics_ibfk_1` FOREIGN KEY (`user_id`) REFERENCES `users` (`id`);
COMMIT;

/*!40101 SET CHARACTER_SET_CLIENT=@OLD_CHARACTER_SET_CLIENT */;
/*!40101 SET CHARACTER_SET_RESULTS=@OLD_CHARACTER_SET_RESULTS */;
/*!40101 SET COLLATION_CONNECTION=@OLD_COLLATION_CONNECTION */;
